dt,AverageTemperature
1828-01-01,-15.524
1828-02-01,-10.472
1828-03-01,-4.559
1828-05-01,6.847
1828-06-01,11.624
1828-07-01,13.763000000000002
1828-08-01,10.383
1828-09-01,4.401999999999999
1828-10-01,-0.25
1828-11-01,-7.223000000000001
1828-12-01,-13.852
1829-01-01,-13.683
1829-02-01,-10.057
1829-03-01,-4.129
1829-04-01,-0.1479999999999999
1829-05-01,7.843
1829-06-01,11.026
1829-07-01,13.357000000000001
1829-08-01,11.817
1829-10-01,0.6509999999999999
1829-11-01,-8.814
1829-12-01,-15.647
1832-01-01,-12.587
1832-02-01,-12.805
1832-03-01,-5.8409999999999975
1832-04-01,-1.125
1832-05-01,5.382999999999999
1832-10-01,-0.4530000000000003
1832-11-01,-6.125
1832-12-01,-11.965
1833-01-01,-11.868
1833-02-01,-10.844
1833-03-01,-4.747999999999998
1833-04-01,0.1120000000000001
1833-05-01,5.038
1833-06-01,9.996
1833-07-01,12.031
1833-08-01,11.7
1833-09-01,7.317
1833-10-01,0.29899999999999993
1833-11-01,-4.699
1833-12-01,-11.888
1834-01-01,-15.454
1834-02-01,-10.690999999999999
1834-03-01,-5.1610000000000005
1834-04-01,-0.15200000000000002
1834-05-01,5.011
1834-06-01,9.345
1834-07-01,11.28
1834-08-01,10.013000000000002
1834-09-01,6.007999999999999
1834-10-01,0.4059999999999999
1834-11-01,-4.921
1834-12-01,-10.944
1835-01-01,-11.655
1835-02-01,-10.539
1835-03-01,-5.489
1835-04-01,-0.3979999999999999
1835-05-01,4.463
1835-06-01,8.658999999999999
1835-07-01,10.354000000000001
1835-09-01,5.526
1835-10-01,-1.8110000000000004
1835-11-01,-7.7620000000000005
1835-12-01,-14.334
1836-01-01,-14.764
1836-02-01,-10.136
1836-03-01,-5.013
1836-04-01,-0.6359999999999999
1836-05-01,5.792000000000002
1836-06-01,9.649
1836-07-01,11.281
1836-08-01,10.594000000000001
1836-09-01,5.931
1836-10-01,0.639
1836-11-01,-6.683
1836-12-01,-13.309
1837-01-01,-11.248
1837-02-01,-8.763
1837-03-01,-5.697
1837-04-01,-0.4609999999999999
1837-05-01,5.4030000000000005
1837-06-01,9.103000000000002
1837-07-01,11.175999999999998
1837-08-01,10.797
1837-09-01,5.7620000000000005
1837-10-01,-1.06
1837-11-01,-7.747000000000001
1837-12-01,-12.206
1838-01-01,-15.407
1838-02-01,-10.813
1838-03-01,-6.452999999999999
1838-04-01,-1.5719999999999998
1838-05-01,4.936
1838-06-01,9.478000000000002
1838-07-01,12.031
1838-08-01,10.887
1838-09-01,6.263
1838-10-01,0.3879999999999999
1838-11-01,-6.974
1838-12-01,-11.228
1839-01-01,-14.606
1839-02-01,-7.053
1839-03-01,-7.028
1839-04-01,1.631
1839-05-01,5.093
1839-06-01,10.002
1839-07-01,12.872
1839-08-01,12.559000000000001
1839-09-01,6.448
1839-10-01,-0.778
1839-11-01,-5.751
1839-12-01,-11.397
1840-01-01,-10.013
1840-02-01,-13.231
1840-03-01,-4.692
1840-04-01,-1.263
1840-05-01,5.178
1840-06-01,9.376
1840-07-01,12.272
1840-08-01,10.562000000000001
1840-09-01,6.563
1840-10-01,-0.9340000000000002
1840-11-01,-8.294
1840-12-01,-13.392
1841-01-01,-14.32
1841-02-01,-9.917
1841-03-01,-5.186
1841-04-01,-2.0710000000000006
1841-05-01,4.8180000000000005
1841-06-01,10.03
1841-07-01,12.599
1841-08-01,11.278
1841-09-01,5.202000000000001
1841-10-01,0.115
1841-11-01,-5.796
1841-12-01,-12.166
1842-01-01,-12.76
1842-02-01,-10.425999999999998
1842-03-01,-6.359999999999999
1842-04-01,0.5930000000000001
1842-05-01,4.125
1842-06-01,8.923
1842-07-01,11.037
1842-08-01,10.688
1842-09-01,5.807
1842-10-01,-0.4910000000000001
1842-11-01,-7.155
1842-12-01,-10.046
1843-01-01,-12.877
1843-02-01,-12.776
1843-03-01,-6.779
1843-04-01,-0.3659999999999999
1843-05-01,3.885
1843-06-01,8.727
1843-07-01,11.145
1843-08-01,10.321000000000002
1843-09-01,5.41
1843-10-01,-0.6380000000000003
1843-11-01,-7.3679999999999986
1843-12-01,-10.632
1844-01-01,-15.32
1844-02-01,-9.097
1844-03-01,-6.686999999999999
1844-04-01,0.3650000000000001
1844-05-01,4.272
1844-06-01,9.361
1844-07-01,11.595
1844-08-01,10.249
1844-09-01,5.425
1844-10-01,-0.669
1844-11-01,-8.865
1844-12-01,-12.287
1845-01-01,-12.655999999999999
1845-02-01,-11.648
1845-03-01,-6.104
1845-04-01,0.408
1845-05-01,5.05
1845-06-01,8.729000000000001
1845-07-01,11.786
1845-08-01,11.423
1845-09-01,5.722
1845-10-01,-1.0830000000000002
1845-11-01,-7.6389999999999985
1845-12-01,-10.843
1846-09-01,6.303
1846-10-01,-0.2180000000000002
1846-11-01,-6.053
1846-12-01,-10.95
1847-05-01,5.001
1847-06-01,9.416
1847-07-01,11.668
1847-08-01,10.973
1847-09-01,5.852
1847-10-01,-0.16199999999999992
1847-11-01,-6.933
1847-12-01,-12.089
1848-01-01,-15.36
1848-02-01,-10.489
1848-03-01,-6.64
1848-04-01,-0.235
1848-05-01,4.816
1848-06-01,9.392000000000001
1848-07-01,12.537
1848-08-01,9.836
1848-09-01,5.734999999999999
1848-10-01,-0.1030000000000002
1848-11-01,-5.926
1848-12-01,-13.557
1849-01-01,-14.575
1849-02-01,-12.972999999999999
1849-03-01,-7.084
1849-04-01,-1.5849999999999995
1849-05-01,4.551
1849-06-01,9.035
1849-07-01,12.212000000000002
1849-08-01,10.538
1849-09-01,5.9350000000000005
1849-10-01,0.7290000000000001
1849-11-01,-5.143000000000002
1849-12-01,-13.534
1850-01-01,-15.655999999999999
1850-02-01,-9.184
1850-03-01,-7.882999999999999
1850-04-01,0.04500000000000004
1850-05-01,5.34
1850-06-01,9.139
1850-07-01,12.249
1850-08-01,11.022
1850-09-01,6.075
1850-10-01,0.1629999999999998
1850-11-01,-5.9540000000000015
1850-12-01,-11.781
1851-01-01,-12.811
1851-02-01,-9.8
1851-03-01,-4.888999999999999
1851-04-01,1.135
1851-05-01,6.164
1851-06-01,10.04
1851-07-01,12.578
1851-08-01,11.82
1851-09-01,7.029
1851-10-01,1.775
1851-11-01,-5.009
1851-12-01,-12.861
1852-01-01,-9.93
1852-02-01,-9.584
1852-03-01,-7.752000000000002
1852-04-01,0.5900000000000001
1852-05-01,6.447
1852-06-01,10.633
1852-07-01,12.54
1852-08-01,11.151
1852-09-01,5.938
1852-10-01,0.8919999999999999
1852-11-01,-6.924
1852-12-01,-15.036
1853-01-01,-13.103
1853-02-01,-9.915
1853-03-01,-5.294
1853-04-01,0.879
1853-05-01,6.6629999999999985
1853-06-01,9.364
1853-07-01,12.297
1853-08-01,10.021
1853-09-01,6.172999999999999
1853-10-01,-0.17400000000000015
1853-11-01,-6.712999999999999
1853-12-01,-10.883
1854-01-01,-14.957999999999998
1854-02-01,-11.436
1854-03-01,-6.164
1854-04-01,0.799
1854-05-01,5.14
1854-06-01,8.517999999999999
1854-07-01,12.086
1854-08-01,10.82
1854-09-01,6.176
1854-10-01,-0.23199999999999998
1854-11-01,-3.4750000000000005
1854-12-01,-11.777
1855-01-01,-11.911
1855-02-01,-9.737
1855-03-01,-4.478
1855-04-01,0.787
1855-05-01,6.006
1855-06-01,10.056000000000001
1855-07-01,11.837000000000002
1855-08-01,10.979000000000001
1855-09-01,6.276
1855-10-01,0.26
1855-11-01,-7.439
1855-12-01,-16.000999999999998
1856-01-01,-11.064
1856-02-01,-8.145
1856-03-01,-3.429
1856-04-01,0.04200000000000004
1856-05-01,6.966
1856-06-01,10.192
1856-07-01,11.017000000000001
1856-08-01,10.098
1856-09-01,6.4529999999999985
1856-10-01,-0.8290000000000002
1856-11-01,-6.073
1856-12-01,-12.13
1857-01-01,-14.874
1857-02-01,-10.679
1857-03-01,-4.372999999999998
1857-04-01,1.891
1857-05-01,6.985
1857-06-01,10.585
1857-07-01,11.764000000000001
1857-08-01,10.508
1857-09-01,5.914
1857-10-01,0.44099999999999984
1857-11-01,-5.53
1857-12-01,-9.999
1858-01-01,-13.854
1858-02-01,-12.155
1858-03-01,-4.717
1858-04-01,0.2240000000000001
1858-05-01,5.824
1858-06-01,9.158
1858-07-01,11.064
1858-08-01,10.264000000000001
1858-09-01,6.091
1858-10-01,-0.871
1858-11-01,-5.477
1858-12-01,-13.509
1859-01-01,-13.048
1859-02-01,-12.04
1859-03-01,-6.335999999999999
1859-04-01,0.027000000000000024
1859-05-01,5.089
1859-06-01,9.935
1859-07-01,11.137
1859-08-01,9.919
1859-09-01,6.08
1859-10-01,-1.052
1859-11-01,-9.658
1859-12-01,-12.332
1860-01-01,-12.610999999999999
1860-02-01,-9.521
1860-03-01,-5.26
1860-04-01,-0.2659999999999999
1860-05-01,4.2810000000000015
1860-06-01,10.064
1860-07-01,13.079
1860-08-01,12.001
1860-09-01,6.752000000000002
1860-10-01,0.7070000000000001
1860-11-01,-5.050000000000002
1860-12-01,-12.12
1861-01-01,-14.225
1861-02-01,-9.342
1861-03-01,-4.9719999999999995
1861-04-01,0.209
1861-05-01,5.3420000000000005
1861-06-01,10.096
1861-07-01,12.692
1861-08-01,10.876
1861-09-01,6.452000000000001
1861-10-01,-0.5720000000000001
1861-11-01,-7.296
1861-12-01,-14.130999999999998
1862-01-01,-16.083
1862-02-01,-14.599
1862-03-01,-6.851999999999999
1862-04-01,-1.4069999999999998
1862-05-01,5.3420000000000005
1862-06-01,10.308000000000002
1862-07-01,11.734000000000002
1862-08-01,10.727
1862-09-01,5.492000000000001
1862-10-01,-1.112
1862-11-01,-6.854
1862-12-01,-11.16
1863-01-01,-13.161
1863-02-01,-12.094
1863-03-01,-5.956
1863-04-01,0.10100000000000003
1863-05-01,5.792999999999998
1863-06-01,11.312000000000001
1863-07-01,13.386
1863-08-01,10.324000000000002
1863-09-01,6.854
1863-10-01,-0.1880000000000001
1863-11-01,-7.178000000000001
1863-12-01,-12.23
1864-01-01,-14.097
1864-02-01,-9.191
1864-03-01,-5.354
1864-04-01,1.0590000000000002
1864-05-01,7.33
1864-06-01,11.017000000000001
1864-07-01,12.913
1864-08-01,10.601
1864-09-01,6.454
1864-10-01,-0.07400000000000008
1864-11-01,-6.697
1864-12-01,-13.535
1865-01-01,-13.075
1865-02-01,-11.291
1865-03-01,-7.971999999999999
1865-04-01,-0.6559999999999999
1865-05-01,6.307
1865-06-01,10.479000000000001
1865-07-01,12.525
1865-08-01,11.062000000000001
1865-09-01,6.0360000000000005
1865-10-01,0.604
1865-11-01,-4.880000000000001
1865-12-01,-13.799
1866-01-01,-14.579
1866-02-01,-11.764
1866-03-01,-5.287000000000001
1866-04-01,0.3480000000000001
1866-05-01,6.579
1866-06-01,9.792000000000002
1866-07-01,11.947000000000001
1866-08-01,10.253
1866-09-01,5.9620000000000015
1866-10-01,-0.9390000000000001
1866-11-01,-4.705
1866-12-01,-10.315
1867-01-01,-13.564
1867-02-01,-12.284
1867-03-01,-7.409
1867-04-01,-0.17299999999999993
1867-05-01,6.734
1867-06-01,10.07
1867-07-01,11.587000000000002
1867-08-01,10.444
1867-09-01,6.226
1867-10-01,-0.4540000000000002
1867-11-01,-5.4270000000000005
1867-12-01,-12.470999999999998
1868-01-01,-17.145
1868-02-01,-10.038
1868-03-01,-4.728
1868-04-01,1.829
1868-05-01,6.9689999999999985
1868-06-01,11.465
1868-07-01,12.44
1868-08-01,11.117
1868-09-01,5.1770000000000005
1868-10-01,1.212
1868-11-01,-5.727
1868-12-01,-9.576
1869-01-01,-12.428999999999998
1869-02-01,-9.157
1869-03-01,-5.968999999999999
1869-04-01,1.5619999999999998
1869-05-01,8.24
1869-06-01,11.831
1869-07-01,12.800999999999998
1869-08-01,10.625
1869-09-01,6.445
1869-10-01,0.7879999999999999
1869-11-01,-4.957000000000002
1869-12-01,-8.917
1870-01-01,-13.494000000000002
1870-02-01,-9.167
1870-03-01,-7.1720000000000015
1870-04-01,1.396
1870-05-01,5.964
1870-06-01,10.55
1870-07-01,13.182
1870-08-01,12.005
1870-09-01,7.7570000000000014
1870-10-01,1.0659999999999998
1870-11-01,-5.117
1870-12-01,-10.745
1871-01-01,-12.944
1871-02-01,-10.315999999999999
1871-03-01,-5.334
1871-04-01,0.544
1871-05-01,6.7570000000000014
1871-06-01,10.748
1871-07-01,12.21
1871-08-01,10.651
1871-09-01,7.183
1871-10-01,1.3159999999999998
1871-11-01,-7.657
1871-12-01,-12.943
1872-01-01,-12.408
1872-02-01,-10.542
1872-03-01,-3.592
1872-04-01,-0.6940000000000001
1872-05-01,6.348
1872-06-01,9.432
1872-07-01,13.034
1872-08-01,11.42
1872-09-01,6.513
1872-10-01,1.374
1872-11-01,-8.039
1872-12-01,-12.190999999999999
1873-01-01,-12.969
1873-02-01,-10.515999999999998
1873-03-01,-5.061999999999999
1873-04-01,0.557
1873-05-01,6.0
1873-06-01,10.208
1873-07-01,12.763
1873-08-01,11.224
1873-09-01,7.572
1873-10-01,0.8679999999999999
1873-11-01,-5.662000000000001
1873-12-01,-13.557
1874-01-01,-15.449000000000002
1874-02-01,-10.982
1874-03-01,-7.479999999999999
1874-04-01,1.676
1874-05-01,7.822999999999999
1874-06-01,10.636
1874-07-01,12.451
1874-08-01,11.747
1874-09-01,6.773
1874-10-01,1.43
1874-11-01,-9.492
1874-12-01,-10.188
1875-01-01,-19.051
1875-02-01,-9.878
1875-03-01,-6.817
1875-04-01,0.194
1875-05-01,4.8
1875-06-01,9.513
1875-07-01,13.34
1875-08-01,11.062000000000001
1875-09-01,7.27
1875-10-01,2.4619999999999997
1875-11-01,-10.784
1875-12-01,-12.146
1876-01-01,-16.816
1876-02-01,-12.502
1876-03-01,-8.494
1876-04-01,0.07200000000000006
1876-05-01,5.577000000000001
1876-06-01,10.23
1876-07-01,11.671
1876-08-01,9.654
1876-09-01,6.7989999999999995
1876-10-01,1.715
1876-11-01,-7.7970000000000015
1876-12-01,-9.682
1877-01-01,-11.419
1877-02-01,-7.403
1877-03-01,-4.2330000000000005
1877-04-01,1.725
1877-05-01,7.237
1877-06-01,9.427
1877-07-01,12.701
1877-08-01,11.37
1877-09-01,6.6389999999999985
1877-10-01,0.7029999999999998
1877-11-01,-5.043
1877-12-01,-9.68
1878-01-01,-10.747
1878-02-01,-7.212999999999999
1878-03-01,-1.999
1878-04-01,1.771
1878-05-01,6.3039999999999985
1878-06-01,11.414000000000001
1878-07-01,12.003
1878-08-01,11.706
1878-09-01,5.76
1878-10-01,-0.115
1878-11-01,-4.633000000000001
1878-12-01,-11.838
1879-01-01,-14.148
1879-02-01,-12.152
1879-03-01,-5.169
1879-04-01,0.6140000000000001
1879-05-01,5.9620000000000015
1879-06-01,10.135000000000002
1879-07-01,11.322000000000001
1879-08-01,10.347000000000001
1879-09-01,6.973
1879-10-01,-0.6140000000000003
1879-11-01,-6.5420000000000025
1879-12-01,-14.095
1880-01-01,-15.127
1880-02-01,-12.04
1880-03-01,-8.036999999999999
1880-04-01,-0.943
1880-05-01,5.417999999999998
1880-06-01,9.921
1880-07-01,12.613
1880-08-01,10.309000000000001
1880-09-01,6.279
1880-10-01,1.173
1880-11-01,-7.12
1880-12-01,-15.326
1881-01-01,-16.22
1881-02-01,-11.76
1881-03-01,-2.755
1881-04-01,1.4580000000000002
1881-05-01,5.392
1881-06-01,9.924
1881-07-01,11.496
1881-08-01,10.56
1881-09-01,6.085
1881-10-01,-1.1860000000000004
1881-11-01,-7.194000000000001
1881-12-01,-11.38
1882-01-01,-13.77
1882-02-01,-12.134
1882-03-01,-8.826
1882-04-01,-0.21899999999999997
1882-05-01,6.289
1882-06-01,10.688
1882-07-01,11.75
1882-08-01,11.695
1882-09-01,6.546
1882-10-01,-0.12300000000000022
1882-11-01,-7.224
1882-12-01,-12.247
1883-01-01,-14.918
1883-02-01,-13.315
1883-03-01,-3.548
1883-04-01,1.018
1883-05-01,6.689
1883-06-01,10.075
1883-07-01,11.757
1883-08-01,10.936
1883-09-01,7.369
1883-10-01,0.475
1883-11-01,-10.084
1883-12-01,-11.825
1884-01-01,-12.698
1884-02-01,-14.005
1884-03-01,-5.44
1884-04-01,1.821
1884-05-01,6.497999999999998
1884-06-01,10.206
1884-07-01,11.584000000000001
1884-08-01,11.380999999999998
1884-09-01,4.987
1884-10-01,-1.242
1884-11-01,-4.782
1884-12-01,-15.53
1885-01-01,-14.87
1885-02-01,-9.681
1885-03-01,-2.14
1885-04-01,1.686
1885-05-01,6.9929999999999986
1885-06-01,11.194
1885-07-01,12.428
1885-08-01,11.855
1885-09-01,7.184
1885-10-01,1.396
1885-11-01,-4.622
1885-12-01,-9.693
1886-01-01,-18.512
1886-02-01,-9.139
1886-03-01,-5.621
1886-04-01,0.9420000000000001
1886-05-01,6.017
1886-06-01,10.759
1886-07-01,13.164000000000001
1886-08-01,11.427
1886-09-01,6.312
1886-10-01,0.6299999999999999
1886-11-01,-6.846
1886-12-01,-11.227
1887-01-01,-15.989999999999998
1887-02-01,-17.894000000000005
1887-03-01,-6.356
1887-04-01,-0.10399999999999998
1887-05-01,5.362
1887-06-01,8.74
1887-07-01,11.018
1887-08-01,10.349
1887-09-01,6.178
1887-10-01,0.016999999999999904
1887-11-01,-7.064
1887-12-01,-14.12
1888-01-01,-17.55
1888-02-01,-8.642000000000001
1888-03-01,-7.097
1888-04-01,-0.5899999999999999
1888-05-01,6.021
1888-06-01,9.871
1888-07-01,11.659
1888-08-01,11.684000000000001
1888-09-01,8.724
1888-10-01,1.3090000000000002
1888-11-01,-7.081
1888-12-01,-10.011
1889-01-01,-12.012
1889-02-01,-10.021
1889-03-01,-1.8969999999999998
1889-04-01,2.249
1889-05-01,6.709
1889-06-01,9.877
1889-07-01,12.156
1889-08-01,10.719000000000001
1889-09-01,5.6789999999999985
1889-10-01,2.4930000000000003
1889-11-01,-5.394
1889-12-01,-13.523
1890-01-01,-18.284
1890-02-01,-14.45
1890-03-01,-6.138
1890-04-01,-2.067
1890-05-01,5.645
1890-06-01,8.856000000000002
1890-07-01,11.470999999999998
1890-08-01,10.993
1890-09-01,6.589
1890-10-01,0.36099999999999977
1890-11-01,-3.397
1890-12-01,-9.73
1891-01-01,-9.175
1891-02-01,-14.805
1891-03-01,-6.292000000000002
1891-04-01,1.2970000000000002
1891-05-01,5.667999999999998
1891-06-01,9.25
1891-07-01,12.708
1891-08-01,11.569
1891-09-01,6.471
1891-10-01,1.51
1891-11-01,-6.476
1891-12-01,-11.233
1892-01-01,-13.117
1892-02-01,-10.481
1892-03-01,-3.7510000000000003
1892-04-01,-0.835
1892-05-01,5.4689999999999985
1892-06-01,10.243
1892-07-01,11.387
1892-08-01,11.065
1892-09-01,7.192
1892-10-01,2.028
1892-11-01,-8.559000000000001
1892-12-01,-11.533
1893-01-01,-13.655
1893-02-01,-13.649
1893-03-01,-6.21
1893-04-01,-1.3459999999999999
1893-05-01,6.2010000000000005
1893-06-01,8.49
1893-07-01,11.983
1893-08-01,11.289000000000001
1893-09-01,6.457000000000002
1893-10-01,-0.81
1893-11-01,-9.723
1893-12-01,-12.133
1894-01-01,-15.885
1894-02-01,-12.039
1894-03-01,-6.0429999999999975
1894-04-01,-1.2019999999999995
1894-05-01,5.382999999999999
1894-06-01,9.567
1894-07-01,12.309000000000001
1894-08-01,12.446000000000002
1894-09-01,5.751
1894-10-01,-0.14900000000000002
1894-11-01,-6.237
1894-12-01,-12.254
1895-01-01,-15.790999999999999
1895-02-01,-9.481
1895-03-01,-5.029999999999999
1895-04-01,0.732
1895-05-01,5.944
1895-06-01,9.54
1895-07-01,11.606
1895-08-01,10.087
1895-09-01,4.134
1895-10-01,1.539
1895-11-01,-5.864
1895-12-01,-11.877
1896-01-01,-16.656
1896-02-01,-9.469
1896-03-01,-6.776
1896-04-01,-1.3369999999999995
1896-05-01,4.591
1896-06-01,9.193
1896-07-01,12.733
1896-08-01,11.389000000000001
1896-09-01,6.4190000000000005
1896-10-01,1.047
1896-11-01,-11.125
1896-12-01,-8.78
1897-01-01,-12.777999999999999
1897-02-01,-10.244000000000002
1897-03-01,-9.895
1897-04-01,1.3450000000000002
1897-05-01,6.893
1897-06-01,10.37
1897-07-01,11.105
1897-08-01,12.436
1897-09-01,6.002999999999999
1897-10-01,0.379
1897-11-01,-9.942
1897-12-01,-10.524000000000001
1898-01-01,-11.763
1898-02-01,-10.365
1898-03-01,-6.18
1898-04-01,1.5230000000000001
1898-05-01,6.884
1898-06-01,10.075
1898-07-01,12.003
1898-08-01,12.774000000000001
1898-09-01,7.484
1898-10-01,-0.5530000000000002
1898-11-01,-8.843
1898-12-01,-10.947
1899-01-01,-12.815
1899-02-01,-13.38
1899-03-01,-8.597000000000001
1899-04-01,-0.718
1899-05-01,3.5269999999999997
1899-06-01,8.476
1899-07-01,12.819
1899-08-01,9.871
1899-09-01,6.756
1899-10-01,-1.061
1899-11-01,-2.8210000000000006
1899-12-01,-10.929
1900-01-01,-11.555
1900-02-01,-11.936
1900-03-01,-4.960999999999999
1900-04-01,1.755
1900-05-01,5.9929999999999986
1900-06-01,10.065
1900-07-01,11.731000000000002
1900-08-01,9.703
1900-09-01,6.395
1900-10-01,-0.17000000000000015
1900-11-01,-8.238
1900-12-01,-8.635
1901-01-01,-13.398
1901-02-01,-11.039
1901-03-01,-3.9989999999999997
1901-04-01,-0.5569999999999999
1901-05-01,5.694
1901-06-01,8.579
1901-07-01,11.255999999999998
1901-08-01,11.199000000000002
1901-09-01,5.832999999999998
1901-10-01,2.5780000000000003
1901-11-01,-6.107
1901-12-01,-9.722
1902-01-01,-12.200999999999999
1902-02-01,-7.79
1902-03-01,-7.119
1902-04-01,-0.1509999999999999
1902-05-01,5.942
1902-06-01,8.916
1902-07-01,11.151
1902-08-01,10.309000000000001
1902-09-01,5.829
1902-10-01,2.217
1902-11-01,-8.081
1902-12-01,-13.815999999999999
1903-01-01,-12.039
1903-02-01,-9.993
1903-03-01,-8.112
1903-04-01,-0.8780000000000001
1903-05-01,4.3660000000000005
1903-06-01,10.945
1903-07-01,11.579
1903-08-01,11.111
1903-09-01,5.126
1903-10-01,0.5489999999999999
1903-11-01,-7.1720000000000015
1903-12-01,-8.479
1904-01-01,-12.831
1904-02-01,-15.253
1904-03-01,-9.048
1904-04-01,2.2840000000000003
1904-05-01,4.767
1904-06-01,8.493
1904-07-01,11.333
1904-08-01,11.018
1904-09-01,6.561
1904-10-01,2.292
1904-11-01,-3.123
1904-12-01,-9.176
1905-01-01,-13.026
1905-02-01,-10.617
1905-03-01,-2.224
1905-04-01,1.4409999999999998
1905-05-01,6.66
1905-06-01,10.504000000000001
1905-07-01,13.135000000000002
1905-08-01,10.931
1905-09-01,6.1770000000000005
1905-10-01,-0.96
1905-11-01,-4.1160000000000005
1905-12-01,-9.229
1906-01-01,-13.433
1906-02-01,-8.894
1906-03-01,-4.087
1906-04-01,2.6980000000000004
1906-05-01,6.922999999999999
1906-06-01,9.41
1906-07-01,14.031
1906-08-01,10.855
1906-09-01,6.081
1906-10-01,2.051
1906-11-01,-5.71
1906-12-01,-13.786
1907-01-01,-19.73
1907-02-01,-11.186
1907-03-01,-7.6
1907-04-01,-0.851
1907-05-01,6.182
1907-06-01,9.553
1907-07-01,12.390999999999998
1907-08-01,9.93
1907-09-01,6.859
1907-10-01,2.415
1907-11-01,-4.327
1907-12-01,-9.62
1908-01-01,-10.761
1908-02-01,-9.66
1908-03-01,-7.138999999999999
1908-04-01,0.1070000000000001
1908-05-01,5.5139999999999985
1908-06-01,9.385000000000002
1908-07-01,12.201
1908-08-01,10.883
1908-09-01,5.709
1908-10-01,-0.2369999999999999
1908-11-01,-5.221
1908-12-01,-11.723
1909-01-01,-20.224
1909-02-01,-13.032
1909-03-01,-3.973
1909-04-01,-2.026
1909-05-01,4.98
1909-06-01,9.727
1909-07-01,11.62
1909-08-01,9.816
1909-09-01,7.411
1909-10-01,0.9209999999999999
1909-11-01,-9.362
1909-12-01,-13.871
1910-01-01,-12.22
1910-02-01,-13.618
1910-03-01,-3.2430000000000003
1910-04-01,0.802
1910-05-01,6.005
1910-06-01,8.479000000000001
1910-07-01,11.724
1910-08-01,9.656
1910-09-01,6.792000000000002
1910-10-01,0.983
1910-11-01,-6.921
1910-12-01,-9.896
1911-01-01,-18.793
1911-02-01,-11.800999999999998
1911-03-01,-4.709
1911-04-01,-1.775
1911-05-01,5.194
1911-06-01,9.005
1911-07-01,12.004000000000001
1911-08-01,10.75
1911-09-01,6.42
1911-10-01,1.452
1911-11-01,-9.083
1911-12-01,-10.43
1912-01-01,-14.585
1912-02-01,-7.258999999999999
1912-03-01,-5.771
1912-04-01,0.946
1912-05-01,7.3119999999999985
1912-06-01,10.106000000000002
1912-07-01,11.37
1912-08-01,10.334000000000001
1912-09-01,6.51
1912-10-01,0.722
1912-11-01,-4.915
1912-12-01,-9.298
1913-01-01,-17.108
1913-02-01,-11.149
1913-03-01,-7.422999999999999
1913-04-01,0.29700000000000004
1913-05-01,4.936
1913-06-01,9.947000000000001
1913-07-01,11.27
1913-08-01,10.989
1913-09-01,6.002999999999999
1913-10-01,-0.649
1913-11-01,-5.465
1913-12-01,-8.853
1914-01-01,-12.985999999999999
1914-02-01,-10.447
1914-03-01,-4.878
1914-04-01,1.186
1914-05-01,6.073
1914-06-01,9.964
1914-07-01,11.037
1914-08-01,10.87
1914-09-01,5.912000000000001
1914-10-01,2.667
1914-11-01,-5.287000000000001
1914-12-01,-14.144
1915-01-01,-11.600999999999999
1915-02-01,-8.167
1915-03-01,-1.6479999999999997
1915-04-01,3.1860000000000004
1915-05-01,7.439999999999999
1915-06-01,9.936
1915-07-01,12.784
1915-08-01,12.726
1915-09-01,6.6110000000000015
1915-10-01,0.7969999999999999
1915-11-01,-6.965
1915-12-01,-10.035
1916-01-01,-20.908
1916-02-01,-10.487
1916-03-01,-6.267
1916-04-01,1.33
1916-05-01,5.2810000000000015
1916-06-01,9.827
1916-07-01,10.648
1916-08-01,10.939
1916-09-01,6.817
1916-10-01,0.991
1916-11-01,-6.5100000000000025
1916-12-01,-14.699000000000002
1917-01-01,-14.934
1917-02-01,-12.968
1917-03-01,-6.768
1917-04-01,-0.32299999999999995
1917-05-01,5.276
1917-06-01,8.363000000000001
1917-07-01,11.312000000000001
1917-08-01,11.103
1917-09-01,7.127000000000002
1917-10-01,0.9279999999999999
1917-11-01,-1.838
1917-12-01,-16.881
1918-01-01,-11.876
1918-02-01,-11.835
1918-03-01,-7.417000000000002
1918-04-01,0.30600000000000005
1918-05-01,4.526
1918-06-01,9.539
1918-07-01,12.299000000000001
1918-08-01,10.632
1918-09-01,8.806000000000003
1918-10-01,1.181
1918-11-01,-5.157
1918-12-01,-10.053
1919-01-01,-9.376
1919-02-01,-12.198
1919-03-01,-9.009
1919-04-01,1.4509999999999998
1919-05-01,4.659
1919-06-01,8.177000000000001
1919-07-01,11.640999999999998
1919-08-01,11.557
1919-09-01,7.716
1919-10-01,-1.577
1919-11-01,-9.277000000000001
1919-12-01,-12.925999999999998
1920-01-01,-14.661
1920-02-01,-7.7319999999999975
1920-03-01,-6.176
1920-04-01,-2.207
1920-05-01,3.626
1920-06-01,8.422
1920-07-01,13.55
1920-08-01,11.092
1920-09-01,6.079
1920-10-01,-0.27800000000000025
1920-11-01,-5.19
1920-12-01,-10.630999999999998
1921-01-01,-13.314
1921-02-01,-8.982000000000003
1921-03-01,-6.492000000000001
1921-04-01,0.6779999999999999
1921-05-01,5.857
1921-06-01,10.043
1921-07-01,11.345
1921-08-01,10.64
1921-09-01,5.925
1921-10-01,2.373
1921-11-01,-8.043000000000001
1921-12-01,-11.978
1922-01-01,-12.716
1922-02-01,-15.863
1922-03-01,-6.983
1922-04-01,-0.419
1922-05-01,5.339
1922-06-01,10.552
1922-07-01,12.183
1922-08-01,11.823
1922-09-01,7.1
1922-10-01,1.874
1922-11-01,-4.978
1922-12-01,-14.34
1923-01-01,-13.982999999999999
1923-02-01,-10.278
1923-03-01,-5.605
1923-04-01,1.035
1923-05-01,5.988
1923-06-01,11.224
1923-07-01,13.087000000000002
1923-08-01,12.399000000000001
1923-09-01,7.6560000000000015
1923-10-01,2.596
1923-11-01,-3.119
1923-12-01,-10.157
1924-01-01,-12.774
1924-02-01,-6.904999999999999
1924-03-01,-3.734
1924-04-01,-0.6379999999999999
1924-05-01,7.265
1924-06-01,10.127
1924-07-01,12.418
1924-08-01,10.963
1924-09-01,6.96
1924-10-01,1.6269999999999998
1924-11-01,-6.363
1924-12-01,-15.158
1925-01-01,-14.232
1925-02-01,-11.111
1925-03-01,-5.417000000000002
1925-04-01,1.228
1925-05-01,7.579
1925-06-01,10.621
1925-07-01,12.833
1925-08-01,11.028
1925-09-01,6.837999999999999
1925-10-01,0.28
1925-11-01,-5.2029999999999985
1925-12-01,-6.351999999999999
1926-01-01,-7.025
1926-02-01,-5.693
1926-03-01,-1.09
1926-04-01,2.787
1926-05-01,6.1720000000000015
1926-06-01,10.52
1926-07-01,12.906
1926-08-01,11.349
1926-09-01,5.01
1926-10-01,1.807
1926-11-01,-5.252999999999999
1926-12-01,-10.791
1927-01-01,-13.508
1927-02-01,-9.858
1927-03-01,-4.269
1927-04-01,-1.3880000000000001
1927-05-01,4.977
1927-06-01,10.765
1927-07-01,13.116
1927-08-01,13.0
1927-09-01,6.8889999999999985
1927-10-01,0.882
1927-11-01,-10.651
1927-12-01,-16.97
1928-01-01,-10.642
1928-02-01,-7.0870000000000015
1928-03-01,-4.327999999999999
1928-04-01,-0.7609999999999999
1928-05-01,6.977
1928-06-01,11.234000000000002
1928-07-01,13.162
1928-08-01,10.677
1928-09-01,7.477
1928-10-01,0.5309999999999999
1928-11-01,-3.5860000000000003
1928-12-01,-8.981
1929-01-01,-14.594
1929-02-01,-12.044
1929-03-01,-3.935
1929-04-01,-0.815
1929-05-01,6.06
1929-06-01,9.886000000000001
1929-07-01,11.483
1929-08-01,11.459000000000001
1929-09-01,7.79
1929-10-01,3.029
1929-11-01,-3.86
1929-12-01,-12.109000000000002
1930-01-01,-18.287
1930-02-01,-8.657
1930-03-01,-4.891
1930-04-01,1.798
1930-05-01,5.3100000000000005
1930-06-01,9.287
1930-07-01,12.130999999999998
1930-08-01,12.489
1930-09-01,7.3279999999999985
1930-10-01,-0.266
1930-11-01,-4.75
1930-12-01,-5.342999999999999
1931-01-01,-6.994999999999999
1931-02-01,-5.321999999999999
1931-03-01,-5.657
1931-04-01,2.011
1931-05-01,6.0120000000000005
1931-06-01,9.894
1931-07-01,12.441
1931-08-01,11.581
1931-09-01,6.8370000000000015
1931-10-01,1.47
1931-11-01,-7.742000000000001
1931-12-01,-10.378
1932-01-01,-13.277999999999999
1932-02-01,-11.767
1932-03-01,-6.765
1932-04-01,1.581
1932-05-01,5.989
1932-06-01,9.809
1932-07-01,10.755
1932-08-01,12.305
1932-09-01,6.854
1932-10-01,0.963
1932-11-01,-7.041
1932-12-01,-13.432
1933-01-01,-13.55
1933-02-01,-12.587
1933-03-01,-6.3020000000000005
1933-04-01,-0.247
1933-05-01,5.567
1933-06-01,8.482999999999999
1933-07-01,10.670000000000002
1933-08-01,12.567
1933-09-01,5.729
1933-10-01,-0.5590000000000002
1933-11-01,-3.148000000000001
1933-12-01,-17.329
1934-01-01,-10.502
1934-02-01,-6.221
1934-03-01,-3.81
1934-04-01,3.455
1934-05-01,7.3119999999999985
1934-06-01,9.841000000000001
1934-07-01,11.856
1934-08-01,11.575
1934-09-01,5.917999999999998
1934-10-01,1.749
1934-11-01,-4.296
1934-12-01,-11.812
1935-01-01,-16.358
1935-02-01,-5.567
1935-03-01,-8.134
1935-04-01,-1.626
1935-05-01,5.698
1935-06-01,9.473
1935-07-01,12.357000000000001
1935-08-01,10.236
1935-09-01,7.681
1935-10-01,-0.14800000000000013
1935-11-01,-7.547999999999999
1935-12-01,-7.872999999999998
1936-01-01,-14.115
1936-02-01,-19.559
1936-03-01,-5.747000000000001
1936-04-01,0.4600000000000001
1936-05-01,7.784
1936-06-01,11.217
1936-07-01,12.253
1936-08-01,12.193
1936-09-01,6.149
1936-10-01,2.887
1936-11-01,-3.4180000000000006
1936-12-01,-12.018
1937-01-01,-17.508
1937-02-01,-12.722999999999999
1937-03-01,-3.319
1937-04-01,0.8059999999999999
1937-05-01,5.996
1937-06-01,10.948
1937-07-01,12.076
1937-08-01,9.754
1937-09-01,8.209
1937-10-01,2.879
1937-11-01,-6.517
1937-12-01,-12.281
1938-01-01,-10.852
1938-02-01,-12.246
1938-03-01,-3.659
1938-04-01,1.346
1938-05-01,6.215
1938-06-01,10.274000000000001
1938-07-01,12.995
1938-08-01,10.853000000000002
1938-09-01,10.169
1938-10-01,2.971
1938-11-01,-6.0139999999999985
1938-12-01,-10.41
1939-01-01,-9.106
1939-02-01,-12.674
1939-03-01,-6.225
1939-04-01,1.041
1939-05-01,6.189
1939-06-01,9.249
1939-07-01,12.044
1939-08-01,11.505999999999998
1939-09-01,6.831
1939-10-01,0.133
1939-11-01,-2.927
1939-12-01,-6.246
1940-01-01,-11.369000000000002
1940-02-01,-8.504999999999999
1940-03-01,-2.6
1940-04-01,2.508
1940-05-01,6.839
1940-06-01,9.763000000000002
1940-07-01,12.852
1940-08-01,11.511
1940-09-01,9.351
1940-10-01,2.488
1940-11-01,-8.648
1940-12-01,-9.295
1941-01-01,-11.197
1941-02-01,-7.978
1941-03-01,-1.7939999999999996
1941-04-01,3.731
1941-05-01,6.167000000000002
1941-06-01,10.848
1941-07-01,13.994000000000002
1941-08-01,12.114
1941-09-01,5.606
1941-10-01,1.892
1941-11-01,-4.9
1941-12-01,-11.752
1942-01-01,-8.507
1942-02-01,-7.974
1942-03-01,-4.01
1942-04-01,1.216
1942-05-01,7.268
1942-06-01,10.326
1942-07-01,13.279000000000002
1942-08-01,12.53
1942-09-01,8.022
1942-10-01,2.451
1942-11-01,-8.695
1942-12-01,-12.792
1943-01-01,-16.8
1943-02-01,-7.342
1943-03-01,-7.3729999999999976
1943-04-01,2.048
1943-05-01,4.663
1943-06-01,9.391
1943-07-01,11.811
1943-08-01,10.75
1943-09-01,7.81
1943-10-01,2.08
1943-11-01,-2.5360000000000005
1943-12-01,-6.881
1944-01-01,-8.709
1944-02-01,-8.432
1944-03-01,-5.525
1944-04-01,2.096
1944-05-01,6.53
1944-06-01,10.529000000000002
1944-07-01,12.52
1944-08-01,10.957
1944-09-01,8.033
1944-10-01,3.3960000000000004
1944-11-01,-4.748
1944-12-01,-10.151
1945-01-01,-9.562999999999999
1945-02-01,-7.99
1945-03-01,-3.965
1945-04-01,-2.0140000000000002
1945-05-01,6.7410000000000005
1945-06-01,9.133
1945-07-01,11.991
1945-08-01,12.105
1945-09-01,6.272
1945-10-01,1.9
1945-11-01,-9.896
1945-12-01,-11.795
1946-01-01,-10.578
1946-02-01,-9.786
1946-03-01,-3.536
1946-04-01,0.6240000000000001
1946-05-01,7.6320000000000014
1946-06-01,10.24
1946-07-01,11.639000000000001
1946-08-01,11.525
1946-09-01,7.315
1946-10-01,0.2709999999999999
1946-11-01,-8.745000000000001
1946-12-01,-13.364
1947-01-01,-13.773
1947-02-01,-10.401
1947-03-01,-3.322
1947-04-01,1.088
1947-05-01,6.789
1947-06-01,9.493
1947-07-01,11.992
1947-08-01,10.193
1947-09-01,7.432
1947-10-01,1.891
1947-11-01,-4.979
1947-12-01,-8.128
1948-01-01,-9.067
1948-02-01,-13.488
1948-03-01,-7.3569999999999975
1948-04-01,-2.9289999999999994
1948-05-01,7.197
1948-06-01,11.965
1948-07-01,12.127
1948-08-01,10.997
1948-09-01,6.665
1948-10-01,1.412
1948-11-01,-5.792999999999998
1948-12-01,-15.531
1949-01-01,-14.690999999999999
1949-02-01,-14.972999999999999
1949-03-01,-3.9819999999999993
1949-04-01,1.826
1949-05-01,6.36
1949-06-01,8.583
1949-07-01,11.465
1949-08-01,10.89
1949-09-01,8.187000000000001
1949-10-01,0.3639999999999999
1949-11-01,-1.2410000000000003
1949-12-01,-14.875
1950-01-01,-21.621
1950-02-01,-10.883
1950-03-01,-5.894
1950-04-01,-1.235
1950-05-01,4.974
1950-06-01,11.713
1950-07-01,12.125
1950-08-01,10.796
1950-09-01,8.183
1950-10-01,-0.5830000000000002
1950-11-01,-10.7
1950-12-01,-10.107
1951-01-01,-15.774
1951-02-01,-11.777
1951-03-01,-9.406
1951-04-01,0.505
1951-05-01,6.17
1951-06-01,9.449000000000002
1951-07-01,13.053
1951-08-01,11.276
1951-09-01,7.62
1951-10-01,-1.024
1951-11-01,-6.4830000000000005
1951-12-01,-15.128
1952-01-01,-16.61
1952-02-01,-9.38
1952-03-01,-5.601999999999999
1952-04-01,0.5489999999999999
1952-05-01,6.228
1952-06-01,8.802000000000003
1952-07-01,12.253
1952-08-01,11.604000000000001
1952-09-01,7.848
1952-10-01,3.529
1952-11-01,-3.7910000000000004
1952-12-01,-9.006
1953-01-01,-15.133
1953-02-01,-6.109999999999999
1953-03-01,-4.507
1953-04-01,0.09400000000000004
1953-05-01,6.853
1953-06-01,9.734
1953-07-01,12.064
1953-08-01,11.728000000000002
1953-09-01,7.101
1953-10-01,2.582
1953-11-01,-3.7740000000000014
1953-12-01,-7.987999999999999
1954-01-01,-18.009999999999994
1954-02-01,-7.877999999999999
1954-03-01,-6.047999999999999
1954-04-01,-4.418
1954-05-01,5.922999999999999
1954-06-01,9.015
1954-07-01,10.89
1954-08-01,11.416
1954-09-01,7.258999999999999
1954-10-01,1.1889999999999998
1954-11-01,-1.635000000000001
1954-12-01,-8.737
1955-01-01,-9.988
1955-02-01,-10.512
1955-03-01,-9.283
1955-04-01,-0.6940000000000001
1955-05-01,4.125
1955-06-01,9.467
1955-07-01,11.939
1955-08-01,10.198
1955-09-01,6.6720000000000015
1955-10-01,0.5099999999999999
1955-11-01,-13.27
1955-12-01,-16.393
1956-01-01,-15.888
1956-02-01,-13.254
1956-03-01,-6.456
1956-04-01,0.667
1956-05-01,7.022
1956-06-01,8.627
1956-07-01,12.854000000000001
1956-08-01,11.925999999999998
1956-09-01,6.71
1956-10-01,-0.9470000000000001
1956-11-01,-4.511
1956-12-01,-11.622
1957-01-01,-17.433999999999994
1957-02-01,-12.442
1957-03-01,-4.665
1957-04-01,0.974
1957-05-01,7.506
1957-06-01,9.994000000000002
1957-07-01,10.973
1957-08-01,11.104000000000001
1957-09-01,9.523
1957-10-01,0.24
1957-11-01,-3.752
1957-12-01,-9.893
1958-01-01,-7.856
1958-02-01,-9.361
1958-03-01,-4.523
1958-04-01,1.709
1958-05-01,8.407
1958-06-01,12.816
1958-07-01,14.665
1958-08-01,12.157
1958-09-01,6.5779999999999985
1958-10-01,1.993
1958-11-01,-6.8690000000000015
1958-12-01,-10.267
1959-01-01,-15.405999999999999
1959-02-01,-10.121
1959-03-01,-3.645
1959-04-01,0.8059999999999999
1959-05-01,5.3439999999999985
1959-06-01,9.603000000000002
1959-07-01,12.56
1959-08-01,9.44
1959-09-01,6.424
1959-10-01,0.4999999999999999
1959-11-01,-7.356
1959-12-01,-6.992000000000001
1960-01-01,-12.940999999999999
1960-02-01,-8.013
1960-03-01,-6.301
1960-04-01,1.874
1960-05-01,5.313
1960-06-01,9.114
1960-07-01,13.08
1960-08-01,10.956
1960-09-01,7.055
1960-10-01,2.247
1960-11-01,-6.2780000000000005
1960-12-01,-8.855
1961-01-01,-10.053999999999998
1961-02-01,-7.830999999999999
1961-03-01,-4.183
1961-04-01,0.5800000000000001
1961-05-01,6.527
1961-06-01,11.448
1961-07-01,13.798000000000002
1961-08-01,13.161
1961-09-01,5.93
1961-10-01,0.17399999999999993
1961-11-01,-8.334
1961-12-01,-13.894
1962-01-01,-12.035
1962-02-01,-10.672
1962-03-01,-7.279
1962-04-01,1.362
1962-05-01,4.953
1962-06-01,9.093
1962-07-01,12.218
1962-08-01,11.086
1962-09-01,7.24
1962-10-01,2.527
1962-11-01,-3.5330000000000004
1962-12-01,-8.415
1963-01-01,-12.839
1963-02-01,-5.8260000000000005
1963-03-01,-4.484
1963-04-01,0.8760000000000001
1963-05-01,6.002000000000002
1963-06-01,9.316
1963-07-01,11.887
1963-08-01,13.0
1963-09-01,9.355
1963-10-01,2.991
1963-11-01,-7.9460000000000015
1963-12-01,-9.649
1964-01-01,-10.885
1964-02-01,-5.052
1964-03-01,-7.608
1964-04-01,-0.2649999999999999
1964-05-01,4.915
1964-06-01,10.145
1964-07-01,11.504000000000001
1964-08-01,10.322000000000001
1964-09-01,5.979
1964-10-01,2.266
1964-11-01,-7.211
1964-12-01,-17.038
1965-01-01,-13.39
1965-02-01,-11.077
1965-03-01,-5.886
1965-04-01,0.797
1965-05-01,5.15
1965-06-01,9.428
1965-07-01,13.298
1965-08-01,12.683
1965-09-01,6.165
1965-10-01,2.497
1965-11-01,-7.1400000000000015
1965-12-01,-11.401
1966-01-01,-17.579
1966-02-01,-8.314
1966-03-01,-4.555
1966-04-01,-0.4099999999999999
1966-05-01,5.667000000000002
1966-06-01,9.201
1966-07-01,12.239
1966-08-01,10.841
1966-09-01,8.176
1966-10-01,0.475
1966-11-01,-8.785
1966-12-01,-10.077
1967-01-01,-12.630999999999998
1967-02-01,-7.717
1967-03-01,-8.097999999999999
1967-04-01,-0.49
1967-05-01,5.761
1967-06-01,11.537
1967-07-01,12.035
1967-08-01,13.456
1967-09-01,9.159
1967-10-01,1.7069999999999999
1967-11-01,-4.7189999999999985
1967-12-01,-11.374
1968-01-01,-13.780999999999999
1968-02-01,-8.439
1968-03-01,-2.285
1968-04-01,-0.2879999999999999
1968-05-01,6.125
1968-06-01,9.118
1968-07-01,12.545
1968-08-01,10.537
1968-09-01,6.718
1968-10-01,0.7929999999999999
1968-11-01,-5.0120000000000005
1968-12-01,-16.240000000000002
1969-01-01,-22.54
1969-02-01,-11.095
1969-03-01,-4.356
1969-04-01,1.696
1969-05-01,7.07
1969-06-01,12.541
1969-07-01,11.52
1969-08-01,9.861
1969-09-01,6.977
1969-10-01,1.176
1969-11-01,-3.672
1969-12-01,-7.3660000000000005
1970-01-01,-14.312999999999999
1970-02-01,-5.636
1970-03-01,-3.378
1970-04-01,0.478
1970-05-01,5.626
1970-06-01,11.034
1970-07-01,11.821000000000002
1970-08-01,11.422
1970-09-01,5.9289999999999985
1970-10-01,1.007
1970-11-01,-8.133000000000001
1970-12-01,-14.112
1971-01-01,-15.751
1971-02-01,-8.465
1971-03-01,-6.651999999999999
1971-04-01,0.8410000000000001
1971-05-01,6.143
1971-06-01,9.621
1971-07-01,13.32
1971-08-01,12.728000000000002
1971-09-01,6.097
1971-10-01,0.359
1971-11-01,-5.791
1971-12-01,-16.049
1972-01-01,-18.191
1972-02-01,-13.296
1972-03-01,-4.995
1972-04-01,-2.0760000000000005
1972-05-01,6.537000000000001
1972-06-01,9.493
1972-07-01,11.784
1972-08-01,12.219000000000001
1972-09-01,4.91
1972-10-01,0.1080000000000001
1972-11-01,-4.714
1972-12-01,-13.965
1973-01-01,-13.023
1973-02-01,-9.613999999999999
1973-03-01,-3.568
1973-04-01,1.129
1973-05-01,6.45
1973-06-01,8.933
1973-07-01,11.723
1973-08-01,10.434000000000001
1973-09-01,7.279
1973-10-01,0.5779999999999998
1973-11-01,-11.886
1973-12-01,-10.32
1974-01-01,-16.467
1974-02-01,-8.34
1974-03-01,-7.093
1974-04-01,1.181
1974-05-01,4.495
1974-06-01,9.339
1974-07-01,10.653
1974-08-01,11.871
1974-09-01,8.087
1974-10-01,2.1790000000000003
1974-11-01,-4.5550000000000015
1974-12-01,-7.175
1975-01-01,-13.06
1975-02-01,-13.511
1975-03-01,-6.699
1975-04-01,-0.10099999999999988
1975-05-01,5.676
1975-06-01,9.166
1975-07-01,13.384
1975-08-01,9.948
1975-09-01,8.225999999999999
1975-10-01,1.057
1975-11-01,-7.751
1975-12-01,-11.212
1976-01-01,-10.329999999999998
1976-02-01,-10.009
1976-03-01,-6.114
1976-04-01,1.521
1976-05-01,5.747999999999998
1976-06-01,8.392999999999999
1976-07-01,11.028
1976-08-01,10.98
1976-09-01,8.366
1976-10-01,1.486
1976-11-01,-3.3260000000000005
1976-12-01,-8.423
1977-01-01,-9.943999999999999
1977-02-01,-3.411
1977-03-01,-4.129
1977-04-01,2.6910000000000003
1977-05-01,5.89
1977-06-01,10.262
1977-07-01,11.48
1977-08-01,12.903
1977-09-01,6.638
1977-10-01,1.4769999999999999
1977-11-01,-8.082
1977-12-01,-16.258
1978-01-01,-13.716
1978-02-01,-8.003
1978-03-01,-4.17
1978-04-01,1.455
1978-05-01,5.526
1978-06-01,11.329
1978-07-01,13.214
1978-08-01,11.41
1978-09-01,6.82
1978-10-01,2.806
1978-11-01,-7.6720000000000015
1978-12-01,-12.467
1979-01-01,-17.215
1979-02-01,-15.254
1979-03-01,-3.135
1979-04-01,0.388
1979-05-01,5.5070000000000014
1979-06-01,9.531
1979-07-01,13.271
1979-08-01,13.082
1979-09-01,8.616
1979-10-01,2.975
1979-11-01,-4.671
1979-12-01,-8.879
1980-01-01,-15.619000000000002
1980-02-01,-7.39
1980-03-01,-4.996
1980-04-01,3.067
1980-05-01,7.34
1980-06-01,10.851
1980-07-01,11.944
1980-08-01,10.35
1980-09-01,6.843
1980-10-01,3.143
1980-11-01,-2.6450000000000005
1980-12-01,-13.407
1981-01-01,-5.532
1981-02-01,-7.170999999999999
1981-03-01,-1.581
1981-04-01,-0.17999999999999994
1981-05-01,7.4620000000000015
1981-06-01,8.47
1981-07-01,12.859000000000002
1981-08-01,13.456
1981-09-01,7.716
1981-10-01,1.29
1981-11-01,-3.3580000000000005
1981-12-01,-12.064
1982-01-01,-18.605
1982-02-01,-12.09
1982-03-01,-6.117000000000001
1982-04-01,-1.3090000000000002
1982-05-01,5.2620000000000005
1982-06-01,12.151
1982-07-01,12.792000000000002
1982-08-01,10.666
1982-09-01,8.331
1982-10-01,1.556
1982-11-01,-8.633000000000001
1982-12-01,-10.425
1983-01-01,-9.485
1983-02-01,-6.7970000000000015
1983-03-01,-4.343
1983-04-01,2.1830000000000003
1983-05-01,7.351
1983-06-01,10.341
1983-07-01,11.703
1983-08-01,11.644
1983-09-01,5.7189999999999985
1983-10-01,1.4280000000000002
1983-11-01,-4.836
1983-12-01,-16.820999999999998
1984-01-01,-8.827
1984-02-01,-4.923
1984-03-01,-1.6960000000000002
1984-04-01,1.7280000000000002
1984-05-01,4.848
1984-06-01,9.419
1984-07-01,12.07
1984-08-01,11.39
1984-09-01,5.426
1984-10-01,-0.972
1984-11-01,-8.5
1984-12-01,-15.379
1985-01-01,-8.107999999999999
1985-02-01,-10.736
1985-03-01,-3.872
1985-04-01,0.47200000000000003
1985-05-01,6.692
1985-06-01,9.303
1985-07-01,13.415
1985-08-01,10.837
1985-09-01,6.0870000000000015
1985-10-01,-0.07099999999999995
1985-11-01,-14.119000000000002
1985-12-01,-9.135
1986-01-01,-7.5859999999999985
1986-02-01,-10.823
1986-03-01,-2.022
1986-04-01,-0.31199999999999994
1986-05-01,5.707000000000002
1986-06-01,10.245
1986-07-01,11.698
1986-08-01,12.272
1986-09-01,6.434
1986-10-01,3.099
1986-11-01,-7.607
1986-12-01,-7.6069999999999975
1987-01-01,-8.14
1987-02-01,-5.507999999999999
1987-03-01,-4.605
1987-04-01,2.343
1987-05-01,6.5
1987-06-01,10.565
1987-07-01,12.856000000000002
1987-08-01,11.046
1987-09-01,8.776
1987-10-01,2.75
1987-11-01,-2.6950000000000003
1987-12-01,-8.219
1988-01-01,-12.607
1988-02-01,-7.981
1988-03-01,-2.023
1988-04-01,2.165
1988-05-01,6.4289999999999985
1988-06-01,9.765
1988-07-01,11.576
1988-08-01,11.706
1988-09-01,7.101
1988-10-01,2.768
1988-11-01,-5.3050000000000015
1988-12-01,-9.517
1989-01-01,-11.642
1989-02-01,-13.065
1989-03-01,-7.3
1989-04-01,2.373
1989-05-01,6.8740000000000006
1989-06-01,11.285
1989-07-01,13.157
1989-08-01,12.523
1989-09-01,8.526
1989-10-01,1.4780000000000002
1989-11-01,-5.7250000000000005
1989-12-01,-6.754
1990-01-01,-10.559
1990-02-01,-11.390999999999998
1990-03-01,-2.435
1990-04-01,2.2359999999999998
1990-05-01,6.803
1990-06-01,10.201
1990-07-01,13.683
1990-08-01,13.116
1990-09-01,9.271
1990-10-01,-0.14300000000000024
1990-11-01,-8.805
1990-12-01,-14.201
1991-01-01,-14.050999999999998
1991-02-01,-4.017999999999999
1991-03-01,-5.347
1991-04-01,2.272
1991-05-01,7.115
1991-06-01,10.092
1991-07-01,12.154000000000002
1991-08-01,12.405
1991-09-01,8.408999999999999
1991-10-01,-0.41400000000000015
1991-11-01,-5.602
1991-12-01,-7.189
1992-01-01,-6.717999999999999
1992-02-01,-6.696999999999999
1992-03-01,-0.4879999999999996
1992-04-01,1.812
1992-05-01,6.311
1992-06-01,11.995
1992-07-01,12.837000000000002
1992-08-01,11.842
1992-09-01,5.1850000000000005
1992-10-01,0.7989999999999999
1992-11-01,-4.247
1992-12-01,-14.300999999999998
1993-01-01,-14.604
1993-02-01,-8.884
1993-03-01,-2.891
1993-04-01,2.5490000000000004
1993-05-01,9.008
1993-06-01,10.311
1993-07-01,11.572000000000001
1993-08-01,11.857000000000001
1993-09-01,8.241
1993-10-01,2.977
1993-11-01,-5.271
1993-12-01,-7.21
1994-01-01,-10.323999999999998
1994-02-01,-14.485
1994-03-01,-1.4280000000000002
1994-04-01,2.865
1994-05-01,7.175
1994-06-01,10.325
1994-07-01,13.805
1994-08-01,13.441
1994-09-01,8.466000000000001
1994-10-01,1.743
1994-11-01,-7.282
1994-12-01,-10.791
1995-01-01,-11.545
1995-02-01,-8.317
1995-03-01,-5.186999999999999
1995-04-01,1.99
1995-05-01,8.265
1995-06-01,11.595
1995-07-01,12.667000000000002
1995-08-01,10.03
1995-09-01,9.822
1995-10-01,1.3219999999999998
1995-11-01,-6.877999999999999
1995-12-01,-12.171
1996-01-01,-17.802
1996-02-01,-8.514
1996-03-01,-5.587999999999999
1996-04-01,1.391
1996-05-01,4.702
1996-06-01,9.556000000000001
1996-07-01,12.613
1996-08-01,11.574000000000002
1996-09-01,6.336
1996-10-01,-0.09499999999999996
1996-11-01,-9.367
1996-12-01,-15.274
1997-01-01,-13.078
1997-02-01,-5.997000000000001
1997-03-01,-6.079
1997-04-01,0.8490000000000001
1997-05-01,7.129
1997-06-01,10.296
1997-07-01,12.498
1997-08-01,12.96
1997-09-01,8.671
1997-10-01,0.449
1997-11-01,-4.062
1997-12-01,-6.024
1998-01-01,-13.870999999999999
1998-02-01,-5.475
1998-03-01,-2.9799999999999995
1998-04-01,2.434
1998-05-01,9.456
1998-06-01,11.858
1998-07-01,14.434000000000001
1998-08-01,12.575
1998-09-01,8.46
1998-10-01,1.996
1998-11-01,-4.8740000000000006
1998-12-01,-10.794
1999-01-01,-11.366
1999-02-01,-7.77
1999-03-01,-3.623
1999-04-01,1.4
1999-05-01,4.631
1999-06-01,9.462000000000002
1999-07-01,11.636
1999-08-01,12.419
1999-09-01,7.3610000000000015
1999-10-01,1.6909999999999998
1999-11-01,-4.2940000000000005
1999-12-01,-7.1530000000000005
2000-01-01,-12.933
2000-02-01,-7.792000000000002
2000-03-01,-2.5580000000000003
2000-04-01,0.972
2000-05-01,5.15
2000-06-01,10.047
2000-07-01,12.473
2000-08-01,10.896
2000-09-01,7.045
2000-10-01,1.4309999999999998
2000-11-01,-4.371
2000-12-01,-11.38
2001-01-01,-6.682
2001-02-01,-9.758
2001-03-01,-3.843
2001-04-01,1.103
2001-05-01,5.492000000000001
2001-06-01,9.283
2001-07-01,12.193
2001-08-01,12.345999999999998
2001-09-01,7.973
2001-10-01,0.6699999999999999
2001-11-01,-4.84
2001-12-01,-11.347
2002-01-01,-9.986999999999998
2002-02-01,-7.64
2002-03-01,-8.953
2002-04-01,-0.9719999999999998
2002-05-01,4.729
2002-06-01,11.015999999999998
2002-07-01,12.332
2002-08-01,11.483
2002-09-01,7.035
2002-10-01,1.265
2002-11-01,-2.8960000000000004
2002-12-01,-7.221999999999999
2003-01-01,-8.902999999999997
2003-02-01,-8.206
2003-03-01,-5.702000000000001
2003-04-01,1.2970000000000002
2003-05-01,5.799
2003-06-01,10.717
2003-07-01,13.476
2003-08-01,12.114
2003-09-01,7.617000000000001
2003-10-01,2.9160000000000004
2003-11-01,-7.3820000000000014
2003-12-01,-8.868
2004-01-01,-13.589
2004-02-01,-6.0589999999999975
2004-03-01,-2.6060000000000003
2004-04-01,2.889
2004-05-01,6.801
2004-06-01,12.436
2004-07-01,14.054
2004-08-01,12.955
2004-09-01,6.414
2004-10-01,1.204
2004-11-01,-3.948
2004-12-01,-8.546
2005-01-01,-13.081
2005-02-01,-6.682
2005-03-01,-1.7169999999999996
2005-04-01,2.9240000000000004
2005-05-01,8.535
2005-06-01,10.629000000000001
2005-07-01,11.932
2005-08-01,12.008
2005-09-01,7.103
2005-10-01,1.986
2005-11-01,-4.104000000000001
2005-12-01,-7.769
2006-01-01,-8.117999999999999
2006-02-01,-8.231
2006-03-01,-5.795
2006-04-01,2.137
2006-05-01,6.813
2006-06-01,11.554
2006-07-01,13.644
2006-08-01,11.414000000000001
2006-09-01,8.587
2006-10-01,1.384
2006-11-01,-10.372
2006-12-01,-7.39
2007-01-01,-9.218
2007-02-01,-9.038
2007-03-01,-5.019
2007-04-01,0.6140000000000001
2007-05-01,6.235
2007-06-01,10.271
2007-07-01,13.733
2007-08-01,11.343
2007-09-01,7.086
2007-10-01,1.5539999999999998
2007-11-01,-5.485
2007-12-01,-11.997
2008-01-01,-12.470999999999998
2008-02-01,-8.846
2008-03-01,-4.345
2008-04-01,-0.524
2008-05-01,7.212999999999999
2008-06-01,9.433000000000002
2008-07-01,12.091
2008-08-01,11.892000000000001
2008-09-01,7.626
2008-10-01,1.632
2008-11-01,-3.6680000000000006
2008-12-01,-14.666
2009-01-01,-11.943
2009-02-01,-9.89
2009-03-01,-7.2959999999999985
2009-04-01,0.7210000000000001
2009-05-01,5.727
2009-06-01,11.029000000000002
2009-07-01,14.249
2009-08-01,12.619000000000002
2009-09-01,8.982000000000003
2009-10-01,0.18299999999999986
2009-11-01,-4.671
2009-12-01,-13.748
2010-01-01,-9.347999999999999
2010-02-01,-5.247999999999998
2010-03-01,-1.3849999999999998
2010-04-01,2.213
2010-05-01,6.283
2010-06-01,10.224
2010-07-01,13.095999999999998
2010-08-01,12.233
2010-09-01,7.0539999999999985
2010-10-01,2.964
2010-11-01,-6.234
2010-12-01,-11.689
2011-01-01,-10.962
2011-02-01,-10.711
2011-03-01,-6.169
2011-04-01,-0.1279999999999999
2011-05-01,6.517
2011-06-01,10.136000000000001
2011-07-01,11.586
2011-08-01,11.374
2011-09-01,8.73
2011-10-01,1.881
2011-11-01,-7.2730000000000015
2011-12-01,-7.085
2012-01-01,-10.895999999999999
2012-02-01,-6.41
2012-03-01,-4.529999999999999
2012-04-01,1.721
2012-05-01,5.939
2012-06-01,9.579
2012-07-01,13.667000000000002
2012-08-01,12.909
2012-09-01,9.058
2012-10-01,-0.42100000000000004
2012-11-01,-7.142
2012-12-01,-12.404000000000002
2013-01-01,-9.991
2013-02-01,-5.2139999999999995
2013-03-01,-5.099
2013-04-01,-0.2779999999999999
2013-05-01,7.8
2013-06-01,11.556
2013-07-01,13.366
2013-08-01,13.495
2013-09-01,10.332