year,animal_id,longitude,latitude
1988,HR_151.499,-121.53010329294793,54.212782067521424
1988,HR_151.510,-121.08993784863613,54.27414333471146
1988,HR_151.519,-121.88149997961509,54.41424483322816
1988,HR_151.540,-121.18243345651564,54.331720155136615
1988,HR_151.550,-121.33045593079694,53.509735112915294
1988,HR_151.559,-121.07551560869234,53.35346616012714
1988,HR_151.570,-121.15301473378635,53.44206120912566
1988,HR_151.579,-121.76234688277678,54.36478761654303
1988,HR_151.589,-121.21800147058414,54.190843389611324
1988,HR_151.600,-120.95667436764629,53.16336073569492
1988,HR_151.609,-121.22732238271979,53.62679660082902
1988,HR_151.620,-121.23906441469467,53.458208896391625
1988,HR_151.629,-121.09496372202874,53.44441108509219
1988,HR_151.641,-121.28038202463466,53.50881275904507
1988,HR_151.649,-121.25519839979502,53.52953070967321
1988,HR_151.660,-121.54967791990998,53.966027533467894
1988,HR_151.670,-121.57704794543393,54.34785472311373
1988,HR_151.680,-121.80149997867987,53.53194280314196
1988,HR_151.690,-121.31556467603725,53.57968486287968
1988,HR_151.701,-122.3418594723136,53.56272947889489
1988,HR_151.711,-121.51790164193217,54.144936692571726
1988,HR_151.720,-121.8433408946374,54.41924988701946
1988,HR_151.730,-121.18533493258388,54.226507301217914
1988,HR_151.739,-121.70548155341905,54.457753333387586
1988,HR_151.749,-121.08855324080335,54.289699145901096
1988,HR_151.760,-122.3403494642074,53.562945073938245
1988,HR_151.770,-121.45682670783852,54.377933067052396
1988,HR_151.780,-121.013217626522,54.149121487866076
1988,HR_151.790,-121.83976693861128,53.5356152503767
1988,HR_151.801,-121.6026986359614,53.81309731801445
1989,HR_151.499,-121.58040877327436,54.26511163409638
1989,HR_151.510,-121.1399086965584,54.27541700227314
1989,HR_151.519,-121.8919412125663,54.42595756745488
1989,HR_151.540,-121.19443294017978,54.371246643044884
1989,HR_151.550,-121.3262479874993,53.54412625420146
1989,HR_151.559,-121.176066884384,53.36305586937588
1989,HR_151.570,-121.23300877425585,53.42211370513837
1989,HR_151.579,-121.73997349755082,54.35447055353174
1989,HR_151.589,-121.40284759978027,54.21942008453095
1989,HR_151.600,-120.94992781572496,53.140075512772654
1989,HR_151.609,-121.24395282007005,53.6153469761331
1989,HR_151.620,-121.32228431517157,53.54757251471153
1989,HR_151.629,-121.09392332995583,53.40712827251115
1989,HR_151.641,-121.30837288894097,53.504691892733874
1989,HR_151.649,-121.21862456769294,53.413272154354864
1989,HR_151.660,-121.56843222142926,53.86154036034339
1989,HR_151.670,-121.66555437270343,54.413194127110074
1989,HR_151.680,-121.82581205231601,53.55699428452174
1989,HR_151.690,-121.26366037464174,53.54712836502478
1989,HR_151.701,-122.3290094600353,53.563187934893556
1989,HR_151.711,-121.48302772563768,54.092191206839125
1989,HR_151.720,-121.89076343215453,54.44889642945916
1989,HR_151.730,-121.20940526214618,54.25433962483551
1989,HR_151.735,-121.62259997233748,53.81103011871202
1989,HR_151.739,-121.56869081529004,54.43717872243683
1989,HR_151.749,-121.11609914885008,54.27811443258247
1989,HR_151.760,-122.34124833998432,53.544678212110576
1989,HR_151.770,-121.59891071740772,54.247629218719396
1989,HR_151.780,-120.86093989096163,54.06077638941494
1989,HR_151.785,-121.62017236574853,53.80520994183976
1989,HR_151.790,-121.84745635351902,53.56909612219718
1989,HR_151.805,-121.67386621994304,53.81386379352167
1989,HR_151.960,-121.37118833887388,53.98904250859613
1990,HR_151.000,-121.55957253128204,53.83027217805512
1990,HR_151.499,-121.564460389742,54.21647776025837
1990,HR_151.510,-121.11967532769633,54.30228200230126
1990,HR_151.519,-121.92575439888341,54.43988587492101
1990,HR_151.540,-121.18244289046747,54.37062071671328
1990,HR_151.550,-121.3226642420113,53.47747775002974
1990,HR_151.559,-121.15418204798857,53.370993146476415
1990,HR_151.570,-121.29338706460832,53.487676243045144
1990,HR_151.579,-121.65959173331083,54.28442253707387
1990,HR_151.589,-121.33397201735669,54.15064779278746
1990,HR_151.600,-120.95516087022631,53.200209081080956
1990,HR_151.609,-121.19385543460056,53.61405895068312
1990,HR_151.620,-121.28584299972285,53.60929368884683
1990,HR_151.635,-121.38742977430931,54.00425939191881
1990,HR_151.641,-121.29843316088991,53.52716727613148
1990,HR_151.649,-121.29029039558931,53.48614919901966
1990,HR_151.660,-121.49796621603423,53.99587523086946
1990,HR_151.670,-121.58329330226742,54.40847899765626
1990,HR_151.680,-121.80876592864126,53.539487910651644
1990,HR_151.690,-121.27576777270701,53.5504833129791
1990,HR_151.700,-122.328345724731,53.614123349098264
1990,HR_151.701,-122.31864732107749,53.660984377758254
1990,HR_151.711,-121.43562206344056,54.16274124636652
1990,HR_151.720,-121.8542034064526,54.4128498849189
1990,HR_151.735,-121.63046592042507,53.800329942643856
1990,HR_151.739,-121.71967021721287,54.450530898043205
1990,HR_151.744,-121.34750321666868,54.27519016395776
1990,HR_151.749,-121.06578891260617,54.30691517629843
1990,HR_151.760,-122.30218368761543,53.61832450784697
1990,HR_151.775,-121.45771554605456,54.00333720402585
1990,HR_151.785,-121.63925518054218,53.79883406795711
1990,HR_151.790,-121.8262110950701,53.5403165025759
1990,HR_151.805,-121.61016628828682,53.79346983222638
1990,HR_151.960,-121.44521686569321,53.9505681129903
1991,HR_151.499,-121.54750190854284,54.21078019511122
1991,HR_151.510,-121.16487881907847,54.30125308594491
1991,HR_151.519,-121.86347114114884,54.432981747020314
1991,HR_151.535,-121.5625180423526,53.83300422075967
1991,HR_151.540,-121.19817012832942,54.29869750013686
1991,HR_151.550,-121.38149027394462,53.4740281909326
1991,HR_151.559,-121.09907494041275,53.34206727381812
1991,HR_151.570,-121.28165772822588,53.51454257001988
1991,HR_151.589,-121.27010938198585,54.12518739380512
1991,HR_151.600,-121.00810272232862,53.10754542963089
1991,HR_151.609,-121.2263158578831,53.64140448668607
1991,HR_151.635,-121.51724501810799,54.00683724883825
1991,HR_151.641,-121.28892582678338,53.55732381839976
1991,HR_151.649,-121.29377433013346,53.60650258607937
1991,HR_151.660,-121.56273666479225,53.957405681092
1991,HR_151.670,-121.590920565567,54.413697057024166
1991,HR_151.680,-121.81666519055118,53.5601706793071
1991,HR_151.690,-121.2213562058798,53.5392284964166
1991,HR_151.700,-122.3082577875742,53.55072501856249
1991,HR_151.720,-121.85019761777784,54.421497581695355
1991,HR_151.730,-121.59332515961235,53.79784928904423
1991,HR_151.735,-121.57285851116059,53.778291521117126
1991,HR_151.739,-121.66698692309195,54.41507588119946
1991,HR_151.749,-121.06541263483795,54.30317653605791
1991,HR_151.775,-121.54097186448196,53.99400052245236
1991,HR_151.785,-121.59643053415402,53.79092454414608
1991,HR_151.790,-121.85182788603613,53.533455470060254
1991,HR_151.805,-121.59323484591525,53.79168391942928
1991,HR_151.960,-121.49578142772471,53.89737407373027
1991,HR_152.641,-121.03618960251845,53.453354241368025
1992,HR_151.499,-121.5406465602518,54.155438941972676
1992,HR_151.510,-121.26681487965807,54.29473139954293
1992,HR_151.519,-121.69404899595364,54.38999615751039
1992,HR_151.540,-121.14902347377485,54.385566534924834
1992,HR_151.550,-121.40043169159759,53.45968630997552
1992,HR_151.559,-121.13364913549664,53.39468279876186
1992,HR_151.570,-121.18722409028408,53.514177052061044
1992,HR_151.589,-121.5406465602518,54.155438941972676
1992,HR_151.600,-120.92173986391546,53.14393678486496
1992,HR_151.609,-121.20853504046808,53.581023550929785
1992,HR_151.641,-121.23709316078319,53.54818552441237
1992,HR_151.649,-121.35988943170901,53.651515487190245
1992,HR_151.660,-121.57868304111572,53.75948656523328
1992,HR_151.670,-121.26681487965807,54.29473139954293
1992,HR_151.700,-122.30675286169858,53.578046323880855
1992,HR_151.720,-121.77944170898859,54.41875227885974
1992,HR_151.735,-121.57868304111572,53.75948656523328
1992,HR_151.739,-121.7745783039089,54.42679218507641
1992,HR_151.775,-121.58441604854332,53.76944241820027
1992,HR_151.785,-121.58441604854332,53.76944241820027
1992,HR_151.790,-121.79441016009277,53.58926172093855
1992,HR_151.805,-121.58441604854332,53.76944241820027
1992,HR_151.960,-121.58441604854332,53.76944241820027
2001,GR_C01,-122.59779718875193,56.270010211119995
2001,GR_C02,-122.54065619773588,56.272847447538574
2001,GR_C03,-122.56674058672706,56.31444484710824
2001,GR_C04,-122.60679087241472,56.41114102276926
2001,GR_C05,-123.24331226041741,56.59600994451641
2001,GR_C06,-122.86620246790919,56.24311923540768
2001,GR_C07,-123.22599843224863,56.21222912976928
2001,GR_C08,-123.10888769735953,56.43733325256755
2001,GR_C09,-122.55751131535617,56.32290051339273
2001,GR_C10,-123.18321755840954,56.69584659328532
2001,GR_C11,-123.04969868930384,56.48171461063328
2001,GR_C12,-123.17992408445105,56.69105854674329
2002,GR_C01,-122.59386952501576,56.27305819398991
2002,GR_C02,-122.48155049175521,56.26029306600997
2002,GR_C03,-122.53993671657196,56.324065914662384
2002,GR_C04,-122.57090418359475,56.371411138508286
2002,GR_C05,-122.91988862559639,56.49052535229762
2002,GR_C06,-122.75777366867675,56.256454175837334
2002,GR_C07,-123.05644145767799,56.2546798465866
2002,GR_C08,-123.06323055494171,56.329447878563826
2002,GR_C09,-122.55542869661295,56.32675104000802
2002,GR_C10,-123.08988473106007,56.62165348880594
2002,GR_C11,-122.76556739321286,56.49444351865676
2002,GR_C12,-123.21497160646747,56.79556110342876
2002,GR_C13,-122.68339870973684,56.31510681868947
2002,GR_C14,-122.50141982142698,56.25521102881686
2002,GR_C15,-122.97116521632411,56.22048402614135
2002,GR_C16,-122.58072588852957,56.28191763240339
2002,GR_C17,-122.85170065361957,56.31168478028002
2002,GR_C18,-122.5350545982712,56.298675519119406
2002,GR_C19,-122.29584494285575,56.20890547594732
2002,GR_C20,-122.50672139278292,56.2606244345255
2002,GR_C21,-123.0142743230577,56.35850546383499
2002,GR_C22,-123.21902906963061,56.2318344063044
2002,HR_car001,-122.09340493561419,54.82435751046787
2002,HR_car002,-122.16589806607006,54.85917020706083
2002,KE_car003,-122.57813671983185,55.12532478344786
2002,KE_car004,-122.5425266499814,55.13748239211707
2002,MO_car005,-122.45443617534569,55.599493483436184
2002,MO_car006,-122.46065811866752,55.817254602604585
2002,MO_car009,-122.46520753017255,55.61205883057277
2002,MO_car010,-122.48487031110115,55.61695872414935
2002,QU_car007,-121.65704439397938,55.06840927894558
2002,QU_car008,-121.32678632604959,54.95452164775149
2003,BP_car022,-122.32844958896186,55.407691314046914
2003,BP_car023,-122.31113803383717,55.32505541582089
2003,BP_car032,-122.12488148487752,55.362866089204466
2003,GR_C01,-122.5362980208475,56.26724442389771
2003,GR_C02,-122.45130827266492,56.273198892418286
2003,GR_C05,-123.34558476478003,56.662449040096305
2003,GR_C06,-122.7550294784237,56.247040386455126
2003,GR_C09,-122.57517933416725,56.31612116856888
2003,GR_C10,-123.3542605407488,56.6666802427525
2003,GR_C12,-123.13493960108042,56.822546967504636
2003,GR_C13,-122.59138784156679,56.31958472615607
2003,GR_C14,-122.20108073733773,56.253912881672
2003,GR_C15,-122.70299000904804,56.17808946290044
2003,GR_C16,-122.60121952147294,56.256889512812194
2003,GR_C17,-122.6083640496049,56.289244196895254
2003,GR_C18,-122.54333094773986,56.29446579979492
2003,GR_C20,-122.51826974249782,56.248850529279345
2003,GR_C21,-122.66073328956819,56.33193170320724
2003,GR_C22,-123.21497394983594,56.26398427909982
2003,HR_car001,-122.17193531416487,54.820924112881045
2003,HR_car002,-122.29715233686399,54.912909423971755
2003,HR_car016,-122.17388105910338,54.8024783910204
2003,HR_car017,-122.05940594616929,54.69913023389663
2003,HR_car019,-122.16786008547618,54.939575248541324
2003,HR_car029,-121.813991084637,54.66521492142268
2003,HR_car030,-122.14760373473814,54.8560962736491
2003,HR_car033,-122.1039789946997,54.69666960525471
2003,KE_car003,-122.63100519118237,55.21372783520924
2003,KE_car004,-122.65448868493395,55.14211850512361
2003,KE_car011,-122.64432165886545,55.16372747095244
2003,KE_car018,-122.4953786191604,55.314207517626215
2003,KE_car024,-122.8372038979796,55.09009212771501
2003,KE_car025,-122.85180499779392,55.10778443387477
2003,KE_car026,-122.81891853089931,55.083874347315536
2003,KE_car027,-122.85337509042238,55.1148541317796
2003,KE_car028,-122.85072740544734,55.12190225660154
2003,MO_car005,-122.4592374458373,55.601365695974664
2003,MO_car006,-122.49218225974984,55.81807888247583
2003,MO_car009,-122.43965420676423,55.619996754559075
2003,MO_car010,-122.44642175913087,55.62769919039089
2003,MO_car020,-122.47823742086875,55.628098621207265
2003,MO_car021,-122.5542549588965,55.67747281476186
2003,QU_car007,-121.5106399008481,55.065131800874454
2003,QU_car012,-121.49180236055182,55.082755634765945
2003,QU_car013,-121.38955988012664,54.9294684175041
2003,QU_car014,-121.03670449836976,54.913601486272114
2003,QU_car015,-121.58992458068568,54.82726513642452
2003,QU_car031,-121.40153068902046,54.931439186765566
2004,BP_car022,-122.32093230911043,55.46970800326933
2004,BP_car032,-122.29336513473699,55.42148643049938
2004,HR_car001,-122.10174147590162,54.82538406938111
2004,HR_car002,-122.35605393316196,54.946775183683386
2004,HR_car016,-122.20206964859975,54.82660200895604
2004,HR_car017,-122.00030431713525,54.71053157356471
2004,HR_car019,-122.30114122824764,54.94695480924058
2004,HR_car029,-121.75099170073777,54.62782532477361
2004,HR_car030,-122.13759683386202,54.84465159458217
2004,HR_car033,-122.05973167462191,54.72209409840464
2004,HR_car034,-121.7706541186343,54.72704158911377
2004,KE_car003,-122.65995625393457,55.22254990285969
2004,KE_car004,-122.49413723241936,55.16800927554835
2004,KE_car011,-122.74331175224476,55.23084421554642
2004,KE_car024,-122.52483157018379,55.09039157238503
2004,KE_car025,-122.62592709443182,55.284713726784524
2004,KE_car026,-122.5133837358532,55.23027504942103
2004,KE_car027,-122.71535836933207,55.22290481684436
2004,KE_car028,-122.5512944249148,55.179559651039334
2004,KE_car039,-122.58871151684055,55.19800334117689
2004,MO_car005,-122.49984933283777,55.61593328094427
2004,MO_car006,-122.52823912157689,55.80454022209682
2004,MO_car009,-122.51578830965235,55.61740735178969
2004,MO_car010,-122.51448985128494,55.63313340110611
2004,MO_car020,-122.56237862597726,55.62471004912168
2004,MO_car021,-122.53691049629158,55.735219663638695
2004,QU_car007,-121.50413818669388,55.10600617133578
2004,QU_car012,-121.41430332833255,55.09346750701154
2004,QU_car014,-121.00682213530587,54.875012686696884
2004,QU_car031,-121.53937741856672,54.75614892722122
2004,QU_car035,-121.43259855086364,54.90993073331881
2004,QU_car036,-120.98296122572346,54.87352487556198
2004,QU_car037,-121.21469090429032,54.82540045963973
2004,QU_car038,-121.60808193312928,54.94302165012898
2005,BP_car022,-122.29860595244905,55.409509187688606
2005,BP_car032,-122.20235257938462,55.35642534399942
2005,BP_car043,-122.32888951825481,55.45445064662639
2005,HR_car001,-122.08625739386659,54.88218684285801
2005,HR_car002,-122.3933170968502,54.955013614438485
2005,HR_car016,-122.18580707493484,54.82544322704397
2005,HR_car029,-121.6209495570986,54.36994054277641
2005,HR_car030,-122.20054667949648,54.82530738785687
2005,HR_car033,-122.06720899691976,54.70432258462233
2005,KE_car003,-122.70427983472547,55.165102339817345
2005,KE_car004,-122.59686080479246,55.12103656347698
2005,KE_car011,-122.77061562035195,55.20016569796396
2005,KE_car024,-122.63175764129609,55.151124530064315
2005,KE_car025,-122.64905494012775,55.20595324426243
2005,KE_car026,-122.63924964012956,55.20858980120556
2005,KE_car039,-122.6746045163816,55.1462654839055
2005,KE_car044,-122.61534053543497,55.2865561179171
2005,MO_car005,-122.4495294302567,55.65203363944682
2005,MO_car006,-122.50293856226881,55.838580323648685
2005,MO_car009,-122.46828061026986,55.638921580808095
2005,MO_car010,-122.43335982976005,55.663958407646035
2005,MO_car020,-122.43112320658248,55.66565961576749
2005,MO_car021,-122.48323072883025,55.77629379396419
2005,QU_car007,-121.41190332801953,55.106023730417654
2005,QU_car012,-121.3612583873131,55.12571737380759
2005,QU_car031,-121.56503325106098,54.615659228495154
2005,QU_car035,-121.29588358673837,55.03472236583594
2005,QU_car036,-120.97263420617372,54.87971566268365
2005,QU_car037,-121.10306897199283,54.851529431250775
2005,QU_car038,-121.50534028861354,55.03390055144555
2005,QU_car040,-121.62514904172457,55.10272910335704
2005,QU_car041,-121.63032745570038,54.87808429932563
2005,QU_car042,-121.42574020334402,55.10091333527238
2005,QU_car045,-121.01583126621044,54.90644527549651
2005,QU_car046,-121.03580697513785,54.90328685629628
2006,BP_car022,-122.35813517955991,55.43779542047977
2006,BP_car043,-122.37088542382523,55.484426158572504
2006,HR_car002,-122.18470768927574,54.8500274327101
2006,HR_car033,-122.07703341539653,54.7106458574191
2006,KE_car004,-122.57944409893696,55.13565793299723
2006,KE_car011,-122.70435995822159,55.256804255995476
2006,KE_car026,-122.69953040157178,55.258150993746725
2006,KE_car039,-122.61805380450954,55.201430919418335
2006,KE_car044,-122.65548803713081,55.272317830264605
2006,KE_car047,-122.68036473957768,55.21046855446683
2006,KE_car048,-122.62140547661735,55.228469143726336
2006,KE_car049,-122.73430782199324,55.26079128658975
2006,KE_car050,-122.68782185007754,55.18814976052083
2006,KE_car051,-122.66408225234743,55.183751491931574
2006,KE_car053,-122.58240336562199,55.327513524983345
2006,MO_car005,-122.38604311288321,55.6399487755878
2006,MO_car006,-122.5266286907199,55.83226450697706
2006,MO_car009,-122.459570470827,55.62985390466796
2006,MO_car052,-122.6567350868568,55.66717718162829
2006,NA_car054,-120.62315698379942,55.017305197917636
2006,NA_car055,-120.64724411358911,54.99040844704241
2006,NA_car056,-120.46907780901155,55.00737908068532
2006,QU_car007,-121.4430348538333,55.08234153979579
2006,QU_car035,-121.33399570860432,54.941143624401
2006,QU_car036,-120.98857286037097,54.8822186153922
2006,QU_car037,-121.15218886659393,54.85998634425786
2006,QU_car038,-121.54215865004596,55.01711887248696
2006,QU_car040,-121.53723873703916,55.09937242097282
2006,QU_car041,-121.33066923712076,55.070995791873315
2006,QU_car042,-121.43704737976974,55.1028962937638
2006,QU_car045,-121.21224078611225,54.92308911031004
2006,QU_car046,-121.14527273335611,54.920325006696295
2007,BP_car022,-122.35426532908912,55.38277044958001
2007,HR_car002,-122.21186475081349,54.808417239671826
2007,HR_car033,-122.15985696791518,54.70697788345544
2007,KE_car004,-122.541122822815,55.132491742984456
2007,KE_car026,-122.73972175957154,55.29776236716545
2007,KE_car039,-122.555734093824,55.238004963439884
2007,KE_car044,-122.61043036860026,55.29085229031525
2007,KE_car047,-122.64416501922774,55.23021589887982
2007,KE_car048,-122.51717334842115,55.23873936601914
2007,KE_car049,-122.63944694619013,55.204962554663425
2007,KE_car050,-122.66889226589117,55.20131158677526
2007,KE_car051,-122.60794859868649,55.21273747457685
2007,KE_car053,-122.70130642292096,55.270308405789194
2007,KE_car061,-122.53339710313172,55.20267185421621
2007,KE_car062,-122.62245767075977,55.24202576009792
2007,KE_car063,-122.71864827748277,55.264489244466525
2007,KE_car064,-122.69060585630272,55.15433651854051
2007,KE_car065,-122.64281668066535,55.23956928301681
2007,MO_car006,-122.5371726202137,55.7893850496097
2007,MO_car009,-122.46189711017054,55.69497537079512
2007,MO_car052,-122.5317846693557,55.78152539686243
2007,MO_car066,-122.55446100890195,55.65718180268323
2007,MO_car067,-122.5306972584474,55.70106590015484
2007,NA_car054,-120.45751954854559,54.880861529956746
2007,NA_car055,-120.71101251052805,55.08766147344827
2007,NA_car056,-120.6197084170817,54.831771551009794
2007,NA_car077,-120.56473992984978,55.05941484667282
2007,QU_car007,-121.52654821031417,55.08700401489848
2007,QU_car035,-121.37283235270243,54.94363104912814
2007,QU_car036,-121.01294990468531,54.859974051270264
2007,QU_car037,-121.1084552255008,54.87608048684343
2007,QU_car038,-121.38924428043444,55.11668789068784
2007,QU_car045,-121.31252340714089,54.90426589629525
2007,QU_car046,-121.30802070060037,54.90376195373371
2007,QU_car057,-120.97174427544837,54.84463178854299
2007,QU_car058,-120.9618086112598,54.875444088651186
2007,QU_car059,-121.14536198682767,54.87810285299356
2007,QU_car060,-121.00913395883683,54.85846361205707
2007,QU_car068,-121.66277791552402,55.121275239024186
2007,QU_car069,-121.5850303858437,54.97074455390278
2007,QU_car070,-121.37571608755468,55.119712305553335
2007,QU_car071,-121.5121530792769,55.081629731467146
2007,QU_car072,-121.46392221121192,54.82106747698255
2007,QU_car073,-121.47401560278142,54.77885824317007
2007,QU_car074,-121.40154684053799,55.10504492563158
2007,QU_car075,-121.3579179431367,55.12839443945209
2008,BP_car022,-122.27794551648341,55.42739079213916
2008,BP_car100,-122.29602085120369,55.41232833032929
2008,BP_car101,-122.34948713755989,55.44499822106588
2008,GR_CG06,-122.98496668463267,56.56356857668358
2008,GR_GC01,-122.79819247534246,56.238545664382634
2008,GR_GC02,-122.60932094024965,56.28763701118589
2008,GR_GC03,-122.66099786983013,56.30964142436608
2008,GR_GC04,-122.7225117889748,56.45948640433432
2008,GR_GC05,-122.62030196951494,56.285627814509255
2008,GR_GC06,-123.05363894750771,56.621885266305945
2008,GR_GC07,-122.93223011871615,56.56261365904471
2008,GR_GC08,-122.87576809003899,56.54393783100742
2008,GR_GC09,-122.80356631797832,56.59775450850164
2008,GR_GC10,-122.80221054546281,56.56846613759626
2008,GR_GC11,-122.87292237130548,56.623414173045774
2008,GR_GC12,-122.95106115512193,56.615629591993866
2008,GR_GC13,-123.30571316698521,56.87526929505677
2008,GR_GC14,-123.01898475640797,56.66684265885839
2008,GR_GC15,-123.14017258316774,56.36446731501293
2008,GR_GC16,-122.7420449133442,56.440438556987935
2008,GR_GC17,-122.71413809750705,56.41072103360042
2008,GR_GC18,-122.56593216361335,56.26476689328453
2008,GR_GC19,-122.8540888616704,56.28633172402437
2008,GR_GC20,-122.59875101053692,56.27437279694517
2008,GR_GC21,-123.0589613511083,56.82999220906681
2008,GR_GC22,-122.88608289419449,56.758413916974725
2008,GR_GC23,-123.14552492838637,56.81035852709177
2008,KE_car004,-122.34679737631878,55.23217805131419
2008,KE_car026,-122.84671263083676,55.237054651887846
2008,KE_car039,-122.74529486885712,55.291448522283666
2008,KE_car048,-122.77471924683593,55.23072218596928
2008,KE_car049,-122.77492556056505,55.2207460175361
2008,KE_car050,-122.74802681894329,55.30109958949443
2008,KE_car051,-122.74206743740638,55.165247443730266
2008,KE_car053,-122.62158548627377,55.26868756393523
2008,KE_car061,-122.6257655853498,55.19728692688671
2008,KE_car062,-122.66126843049312,55.20593859230596
2008,KE_car063,-122.70954297859686,55.222397543411375
2008,KE_car064,-122.68771652293971,55.15490466076674
2008,KE_car065,-122.65883139848076,55.220639290151404
2008,KE_car095,-122.74811006482803,55.18084818377925
2008,KE_car096,-122.79607980366703,55.19687623836306
2008,KE_car097,-122.72701729112653,55.14813760008105
2008,KE_car098,-122.72769688187448,55.1748342313725
2008,KE_car099,-122.72371441108717,55.15051945808355
2008,MO_car006,-122.46855684698507,55.789241837956915
2008,MO_car066,-122.55358608054038,55.64884512638077
2008,MO_car067,-122.49896848961644,55.76588134746402
2008,MO_car079,-122.99708881394697,55.78799681747178
2008,MO_car080,-122.52327676512037,55.68831407472843
2008,MO_car102,-122.60832263078021,55.99151842709032
2008,MO_car103,-122.51953006627173,55.87000520954077
2008,MO_car104,-122.49206896832811,55.84681126491327
2008,NA_car056,-120.63292539965072,54.926206238298114
2008,NA_car077,-120.61824691211906,55.0772488096141
2008,NA_car078,-120.62213971919515,54.784850677396214
2008,QU_car007,-121.3393831350561,55.145249954582255
2008,QU_car035,-121.36644709078328,54.97257109545808
2008,QU_car036,-120.94973884234719,54.88613712886439
2008,QU_car037,-120.55032651694583,55.08037840675455
2008,QU_car057,-120.98608788891244,54.845765720691986
2008,QU_car058,-120.99421637155952,54.8698845239756
2008,QU_car059,-121.17631013780692,54.88973107310498
2008,QU_car068,-121.61325367641479,55.13920039164448
2008,QU_car069,-121.62890922457623,54.96452964459482
2008,QU_car070,-121.38327097283259,55.11883237930387
2008,QU_car071,-121.51876980228228,55.08935626767253
2008,QU_car073,-121.22642306485253,55.009186256037005
2008,QU_car074,-121.42167808371342,55.099289625041024
2008,QU_car075,-121.35110753108944,55.129929324293585
2009,BP_car100,-122.3598950382278,55.443780080936556
2009,BP_car101,-122.37447732427135,55.44620871007351
2009,BP_car115,-122.33484523731754,55.46304117175382
2009,GR_GC01,-122.57310935470603,56.277802294842836
2009,GR_GC02,-122.58590299588967,56.296853809474705
2009,GR_GC03,-122.63637985970254,56.29913269230277
2009,GR_GC04,-122.64175858246959,56.42971440198586
2009,GR_GC05,-122.61901189776688,56.3219329470666
2009,GR_GC07,-122.8742653753807,56.51178209935998
2009,GR_GC08,-122.89166039732925,56.56870141926233
2009,GR_GC09,-122.82733169703901,56.56718277986566
2009,GR_GC10,-122.88912298678031,56.57904686724272
2009,GR_GC11,-122.87624120384595,56.62059224389139
2009,GR_GC12,-122.94362958450813,56.60321642588706
2009,GR_GC15,-122.58642433457948,56.30999555119452
2009,GR_GC16,-122.66162496073909,56.33934944239701
2009,GR_GC17,-122.6187655216821,56.32151888852414
2009,GR_GC18,-122.62478377385149,56.32600965272873
2009,GR_GC19,-122.82937697503654,56.34667501394449
2009,GR_GC20,-122.58189744962044,56.278499728140744
2009,GR_GC21,-122.92881470299307,56.847763790114314
2009,GR_GC22,-122.8801793098666,56.75549432131828
2009,GR_GC23,-123.15655768809484,56.80523769505215
2009,KE_car062,-122.57007698798516,55.218012599108455
2009,KE_car063,-122.60794561281656,55.185245262190044
2009,KE_car064,-122.65947898294804,55.19622276606437
2009,KE_car065,-122.67561284154442,55.192171269515555
2009,KE_car095,-122.61545618720699,55.25751827201597
2009,KE_car096,-122.71938587481888,55.195778701240855
2009,KE_car097,-122.67163426538833,55.18585727260236
2009,KE_car098,-122.66796169224496,55.20998559706404
2009,KE_car099,-122.67181064528049,55.17196965797705
2009,KE_car118,-122.6145962194173,55.13372796877894
2009,KE_car119,-122.69871758334402,55.183583311393406
2009,KE_car120,-122.70305436474462,55.177941823416006
2009,KE_car121,-122.77352971013357,55.249195176916366
2009,MO_car079,-123.37129007245838,55.75374754419387
2009,MO_car080,-122.52023069831891,55.77801001311144
2009,MO_car102,-122.58551478010857,55.79224149495996
2009,MO_car103,-122.56333783381325,55.733433123375285
2009,MO_car104,-122.58587229307615,55.756422831641615
2009,MO_car116,-122.82746099466054,55.83156757252185
2009,NA_car056,-120.35079672763246,54.70718609582052
2009,NA_car077,-120.5869071465785,55.079312039682705
2009,NA_car078,-120.31335603736379,55.07762405639124
2009,QU_car057,-120.95331945058716,54.86758817221856
2009,QU_car068,-121.47749257491996,55.145628530496715
2009,QU_car069,-122.2430216657416,54.707459566071954
2009,QU_car070,-121.36096367012544,55.13646539152878
2009,QU_car071,-121.50121417584273,55.16293562478879
2009,QU_car074,-121.3655831311809,55.164520735190195
2009,QU_car075,-121.35577326027325,55.133991853150626
2009,QU_car105,-121.07798968828227,54.882169608441075
2009,QU_car106,-121.14393226604604,54.8263669761205
2009,QU_car107,-121.00237778490272,54.845007031871525
2009,QU_car109,-120.98869057636547,54.85848137231503
2009,QU_car110,-121.46189649633729,55.067105285452996
2009,QU_car111,-121.42638551156205,55.09938446186799
2009,QU_car112,-121.56267091617126,55.05182406101969
2009,QU_car113,-121.40526531726849,55.1159161589562
2009,QU_car114,-121.65029111091975,54.969273102238404
2010,BP_car100,-122.27193428931781,55.35537912031088
2010,BP_car101,-122.30769064074221,55.41758297983234
2010,BP_car115,-122.37653333930861,55.43751065859925
2010,GR_GC07,-122.71500379143478,56.42490371016465
2010,GR_GC08,-122.82187443035052,56.502018238955074
2010,GR_GC09,-122.7656582361319,56.59161856517572
2010,GR_GC11,-122.85921151509467,56.63116855397227
2010,GR_GC12,-122.76522320871415,56.592318128663294
2010,GR_GC16,-122.57314181638363,56.302452175476155
2010,GR_GC19,-122.79050407431303,56.45344252858456
2010,GR_GC20,-122.50487347733444,56.31633067066839
2010,GR_GC21,-122.36477427478556,57.05294816991877
2010,GR_GC23,-122.9722693521927,56.75613567651118
2010,KE_car096,-122.54020782167305,55.37074946363551
2010,KE_car097,-122.61047876705186,55.229031684566785
2010,KE_car098,-122.62637639840086,55.289612743962074
2010,KE_car099,-122.43084051515946,55.27705636916491
2010,KE_car119,-122.57556104402539,55.14553144051073
2010,KE_car120,-122.62264616293908,55.18965048184555
2010,KE_car121,-122.581952342266,55.236387283842916
2010,KE_car127,-122.6392955481461,55.16582498369249
2010,KE_car128,-122.77280477049689,55.16767438988799
2010,KE_car129,-122.53182325224506,55.21656097261494
2010,KE_car130,-122.74626390005793,55.132072720064734
2010,KE_car131,-122.70825936893307,55.122284259251536
2010,MO_car103,-122.58299755012284,55.72175076071193
2010,MO_car104,-122.74760699408439,55.74079702607604
2010,MO_car116,-122.9130041241829,55.779711618162715
2010,NA_car132,-120.16343826366199,55.09974354137813
2010,NA_car133,-120.71271369068778,54.54148196253506
2010,QU_car106,-121.07569125164623,54.87300090186712
2010,QU_car107,-121.03160050938814,54.86114988616978
2010,QU_car110,-121.52316522425845,54.9979627206192
2010,QU_car111,-121.41099411758785,55.1013713171366
2010,QU_car113,-121.44283937073156,55.11737384785361
2010,QU_car114,-121.6493849628626,55.02930375291886
2010,QU_car125,-121.41484106198695,55.11676019024658
2010,QU_car126,-120.97200492202856,54.871750368188614
2011,BP_car144,-122.36470632053718,55.44672898907908
2011,BP_car145,-122.39145423697025,55.45572977210314
2011,KE_car119,-122.56472700096678,55.16368623585272
2011,KE_car120,-122.67178618118572,55.204782361143465
2011,KE_car127,-122.4219790922796,55.18920927296944
2011,KE_car128,-122.66448114798898,55.20143253485431
2011,KE_car130,-122.66756155515526,55.19919685696398
2011,KE_car131,-122.5886171531904,55.17326288136437
2011,MO_car103,-122.46221891398301,55.86411153334221
2011,MO_car104,-122.70714865281086,55.76025915819834
2011,MO_car147,-122.69744928666474,55.66338964975179
2011,MO_car148,-122.737155479748,55.83555882824209
2011,MO_car149,-122.63030226859708,55.7948249165457
2011,MO_car150,-122.59986122688066,55.66697498150897
2011,MO_car151,-122.6558304239923,55.65640829563027
2011,NA_car132,-120.17701965757615,55.11721568228434
2011,NA_car133,-120.65938002622399,54.62573718885108
2011,NA_car134,-120.20058959022143,55.12901149719614
2011,NA_car135,-120.15175527055649,55.12636604332085
2011,QU_car106,-121.51289637171033,54.737959572649295
2011,QU_car110,-121.49241684310611,55.02874475392417
2011,QU_car111,-121.50438026293101,55.18326777619257
2011,QU_car113,-121.51731550312188,55.188137596112334
2011,QU_car114,-121.53298440767763,55.188813868914764
2011,QU_car125,-121.35713110143047,55.126434638136416
2011,QU_car126,-120.89383668721469,54.86032648569462
2011,QU_car136,-121.33730255264814,54.972611905962104
2011,QU_car137,-121.16940200441627,54.882139639745034
2011,QU_car138,-120.95648898791467,54.867352181866075
2011,QU_car139,-121.07170852125209,54.86824856177296
2011,QU_car140,-121.03550356856672,54.89368396975644
2011,QU_car141,-121.48967583855215,55.09164894609931
2011,QU_car142,-121.36388394509592,55.125959199536844
2011,QU_car143,-121.51176403158513,55.116138625542334
2011,QU_car146,-121.53393599986714,55.14727695284642
2011,QU_car152,-121.46497640515113,55.13495103383497
2012,BP_car145,-122.61278257641105,55.533485076199085
2012,KE_car153,-122.64809572924011,55.22696574865085
2012,KE_car154,-122.53671086732196,55.129599235548426
2012,KE_car155,-122.58228241240458,55.28132148547502
2012,KE_car156,-122.60761832869976,55.14030638512235
2012,KE_car157,-122.64746415078903,55.229219079446764
2012,MO_car147,-122.59222313247041,55.7295145561136
2012,MO_car148,-122.46749998752396,55.8549317020622
2012,MO_car150,-122.53424206865103,55.694339804361164
2012,MO_car151,-122.49686343181627,55.81393449098512
2012,NA_car132,-120.19796236004726,55.110093576352014
2012,NA_car133,-120.56388269608904,54.58770245135195
2012,NA_car134,-120.3060378669979,55.05419089333466
2012,QU_car136,-121.2798894733978,54.92002416651222
2012,QU_car137,-121.1103017802583,54.85609425776965
2012,QU_car138,-120.8814106903298,54.84843530955964
2012,QU_car139,-120.92193323299624,54.89795776614706
2012,QU_car140,-120.96398606857001,54.90024383271679
2012,QU_car141,-121.40314560612148,55.07450832934057
2012,QU_car142,-121.40065826498159,55.09800529025267
2012,QU_car143,-121.55110252093024,55.112144305310075
2012,QU_car146,-121.52854295652794,55.11870511609512
2012,QU_car158,-121.6058347911746,55.13074989716491
2012,QU_car159,-120.95440042689057,54.87146458882529
2013,BP_car145,-123.02588695577144,55.671608360750845
2013,KE_car153,-122.53161940743053,55.28636612567086
2013,KE_car154,-122.52531907122585,55.092150784870284
2013,KE_car155,-122.73981346416394,55.31147942601227
2013,KE_car156,-122.59550553398807,55.13637256366814
2013,KE_car157,-122.61300203277777,55.180457243369
2013,MO_car147,-122.64849518009775,55.6633462989005
2013,MO_car150,-122.57976743654297,55.64664602856735
2013,MO_car161,-122.47340680269511,55.80162939031301
2013,NA_car132,-120.2857439730624,55.09051782168383
2013,NA_car133,-120.60743948598194,54.58728970435055
2013,QU_car136,-121.17957033334797,54.829636567108
2013,QU_car137,-120.90968453901736,54.866437186260285
2013,QU_car139,-120.56237545448258,54.98686668193326
2013,QU_car140,-120.93943320022787,54.864879248470245
2013,QU_car143,-121.51878573026572,55.11878400879544
2013,QU_car146,-121.53847390117802,55.10514180368498
2013,QU_car158,-121.5397607371601,55.11216282189407
2013,QU_car159,-120.92060578449984,54.86550988901817
2013,QU_car163,-121.76587430061457,55.098498095259885
2013,QU_car166,-121.4508531398056,55.13520981410476
2013,QU_car167,-121.3710826706418,55.15439112607286
2013,QU_car172,-121.0831404832908,54.86899181140026
2013,QU_car173,-121.49298885241255,54.78202836117255
2013,SC_car168,-123.4113545423811,55.871500654801714
2013,SC_car169,-123.43245002531161,55.89374358549505
2013,SC_car170,-123.40785910756513,55.87049481755487
2013,SC_car171,-123.34991628593788,55.8703390107643
2014,KE_car154,-122.47540402757856,55.15500078243553
2014,KE_car155,-122.76080504047448,55.297633814800065
2014,KE_car156,-122.45099979874517,55.20488658731673
2014,KE_car157,-122.47382000468815,55.17552835494549
2014,MO_car150,-122.54919392621083,55.61419814601173
2014,NA_car177,-120.56603258137257,54.99586690726065
2014,NA_car178,-120.57308407305442,54.99969592632011
2014,NA_car179,-120.57020032088518,55.08944793814241
2014,QU_car143,-121.54260717055487,55.09624255336413
2014,QU_car146,-121.52257133931067,55.071723824587984
2014,QU_car159,-120.94360064640564,54.86744629907696
2014,QU_car163,-121.78920480732852,55.09824347183949
2014,QU_car166,-121.54217577387425,55.13321410264692
2014,QU_car172,-121.02915095642147,54.83839244359966
2014,QU_car173,-121.49741640539833,54.779359834074214
2014,QU_car175,-121.36186676458298,55.160199410735224
2014,SC_car168,-123.31585087882522,55.83040427002813
2014,SC_car169,-123.37179027003897,55.8781045928522
2014,SC_car170,-123.39068805813508,55.873637205240605
2014,SC_car171,-123.34861567361283,55.85757649574631
2015,KE_car154,-122.80529122069787,55.12208144787528
2015,KE_car155,-122.61444670318099,55.409801914329364
2015,KE_car156,-122.54458472500194,55.202411702669266
2015,KE_car184,-122.39201140138158,55.18088763222741
2015,KE_car185,-122.54679244941153,55.17922509385766
2015,KE_car186,-122.54227899145366,55.197484465543106
2015,KE_car187,-122.52941381293498,55.285152504281626
2015,MO_car150,-122.49785555492386,55.60707809951126
2015,NA_car177,-120.42457929347587,54.95068397413835
2015,NA_car178,-120.66775528246934,55.073602627616935
2015,NA_car179,-120.65798643223177,55.07537275211402
2015,QU_car143,-121.54787867666134,55.18220925116686
2015,QU_car159,-120.93089299467566,54.86659057136034
2015,QU_car163,-121.74730212317819,55.10290187959261
2015,QU_car166,-121.51257769358521,55.099576486833335
2015,QU_car172,-120.97934444913761,54.848503629544936
2015,QU_car173,-121.35214637461172,54.847126510381266
2015,QU_car175,-121.39684939411691,55.092244080858386
2015,QU_car180,-120.8838117130331,54.85682782465521
2015,QU_car181,-121.43512370229885,55.06851637920322
2015,QU_car182,-121.40719598673053,55.09481966220258
2015,QU_car183,-121.33203291626081,55.176073428220306
2015,QU_car188,-121.54961992027359,55.10746378233834
2015,QU_car189,-121.45746089519481,55.095082437694344
2015,QU_car190,-121.54986352470374,55.07185518243683
2015,QU_car191,-121.58838452933328,54.76477576749712
2015,QU_car192,-120.98472771023246,54.858085430213414
2015,SC_car168,-123.36670361217028,55.855432742075045
2015,SC_car169,-123.52366636692429,56.005043229519785
2015,SC_car171,-123.32101471848249,55.89376270053967
2016,KE_car155,-122.4516596798526,55.636010988103344
2016,KE_car156,-122.4669083048515,55.2366298541185
2016,KE_car185,-122.75385522217705,55.20192721793276
2016,KE_car186,-122.44131116410959,55.2373736686394
2016,KE_car198,-122.412777439412,55.245108764693875
2016,KE_car199,-122.35445130765552,55.258055285536216
2016,KE_car200,-122.16079784723736,55.17052191179484
2016,NA_car178,-120.47688759256236,55.02418862740156
2016,NA_car179,-120.59545600384592,55.04305111800913
2016,QU_car172,-121.00841350642929,54.84471198434132
2016,QU_car175,-121.37789049624959,55.1078737445276
2016,QU_car181,-121.40345691920844,55.053267504404744
2016,QU_car182,-121.47109299101582,55.075145479918056
2016,QU_car188,-121.44429141929469,55.110123258003824
2016,QU_car189,-121.43556610472618,55.109115556232666
2016,QU_car190,-121.49396693376394,55.08885446030014
2016,QU_car191,-121.59126224847081,54.72188658091614
2016,QU_car192,-120.75182537528349,54.92137069076428
2016,QU_car194,-121.71894727073258,55.136103173555526
2016,QU_car195,-121.69115986116435,55.13767774014469
2016,QU_car196,-121.5187784257452,55.105315020833515
2016,QU_car197,-121.54907262662459,54.78643046413789
2016,SC_car171,-123.31327057438975,55.900954047281886
